hibuddy_product_id,product_id,match_score
ab7202e3f426c3799823d5f2eb40acc1,6635164829516,79.06976744186046
172b0a7087873d02708c8fdb7405e957,9302191407412,84.78260869565217
38cad36322e7cee191116563a8f607bd,9088826900788,90.47619047619048
e83fbeca0b1b71adf81055149fafb148,9293621592372,92.95774647887323
d424311c223e66a059e7cab5bcdfffbd,9289801695540,83.14606741573034
2c23bad20d7517d7c146ddf74c5bb19c,9274200490292,78.87323943661973
6815822a08674bad63a4d31a914d60fa,6635190814540,78.87323943661973
cfde293816f17da0ee47fbb487e55c31,9260186403124,82.35294117647058
b01a87e903ac2da7a3ace43be1a3fd81,6635140122444,86.79245283018868
d5aa96f61d9538b892a676e5f326e08d,9302199107892,84.44444444444444
72982b9e627666cb64c5ef453e0f4f43,9316196778292,84.21052631578947
1c6a5bf421ef9306fb64a13b2a0f0b91,9282600730932,77.14285714285715
07a81442e751ac5af541701f32d32232,6638233618252,81.08108108108108
6d66803382dd4d0ef9a26e8eafdb38e3,9210538459444,80.0
8dd11d9632002944fe8a07519eee09e5,9316196254004,89.23076923076923
6003e9b34fa8960fc49aa7bbb9160639,9181670408500,83.33333333333334
2d9d53abb73844cfa5154a6d3fe12df7,9146982269236,78.57142857142857
0b8ada57060db16c33b8baab00e3662c,9191995506996,82.35294117647058
a247a153ea9075e43c82bb047196bf3b,9229416726836,76.92307692307692
e9354f553080b6240705b27d0f11ac3b,6638338312012,82.35294117647058
09db03fd0d044a7a504df9a20fa161a7,6634178021196,86.66666666666667
bc920c6a8c9d0ae49e3de76fd902befb,9229416759604,76.92307692307692
b7bffbe80ace02fd78474715fa1a40f1,4719172486988,75.0
d62a6cf02ae1bc5221ca75b0ad922c9b,9316210278708,75.86206896551724
328245470fe508cec5b9b2082d7c2b5b,9229420101940,80.0
049fecd03ae53337ec891ac3a81883ab,6636879316812,88.46153846153845
0380879bc8a447d789e64ae62e7f660c,9088834011444,81.25
f86f83e02feedc0673e7bcd625d7c807,9282595094836,79.01234567901234
8c55b4f271baa62c339caf1cd13f0e63,9307454996788,85.71428571428572
60358e41e22cdd249c03f5e884d089d3,9302197305652,77.41935483870968
ca0c25a402b5ded3a38ffe5b1a79f748,9302190817588,90.41095890410959
df2ca282073c64fcf1a884bd2cad2767,6638334412620,80.95238095238095
42dc66c4e365bbef4b82c060a5f38420,9298542985524,80.0
1e7aa69bff3095e158829b12002fca4a,9276004958516,78.68852459016394
cf0b2d717c9ded1f63c42866d647133e,9327761228084,82.75862068965517
56b243c53b3aede5a3d2c43c2fb1ea3b,9289801466164,89.13043478260869
c64209be7d127d08d953ace26b990eb0,9327762276660,78.94736842105263
0a3f72219a17e1938ac8a00993865003,9238765601076,100.0
52c7e7d7e9d67c977f85d8c29aa91720,9172016431412,82.75862068965517
d16ffa5c4abb827eba282ac7d72d5ee4,9199547547956,90.74074074074075
2d8909736f07225b40acac535f208b65,9229419151668,100.0
453f027264809bd6f89d8533533d7589,9229414727988,87.5
4cc330e0cf88700b7c95aa0cd392828e,9316196778292,77.27272727272727
b670e00e65bacae66847b8d2a11da0e9,9327759720756,83.87096774193549
fe4f588ef03c46b79ea638de95370d52,9210551271732,76.19047619047619
75fd6a1ac1d7cdb690ad28579b88d43d,9229418823988,75.0
5b71058864650d658934e52a2d8282bf,9276004598068,77.41935483870968
e708a304ecb8264db75b368d1bcd54c0,9291627036980,81.15942028985508
798a2f031f41bdc5d2362e724de98f5b,9146980696372,83.9506172839506
f3f43d9a7a2b8343b21452061061b75d,9282600239412,91.56626506024097
f83b1afeeb3ece9657e60a4ca524f2ef,9181674570036,81.08108108108108
a024b614c4c86098f8d0eeb1cad0f23d,9135966781748,83.11688311688312
1ebfea5aac043ef97699eff7890badca,9181674340660,81.08108108108108
c7d6dd63150d0b324e4937e120574e1c,9282598895924,90.41095890410959
482b69b97d214828a473080fb1854241,9210538393908,89.23076923076923
6d67eb85a08c95908d6db59bf48a3459,6638375274316,82.75862068965517
d25351c55a65ce3410b7e76d2e1da309,9260185059636,80.64516129032258
cbaf595fd2be8e8cd2109469342eecfc,9260184371508,80.0
dec63e0f845e86f6274eb12d4409acb4,6635322017612,87.8048780487805
756f73df53d84a699ab50180804cc5b0,9322906124596,77.55102040816327
15d7f4f6499e56d43f1990885eba6115,9327761228084,82.75862068965517
806de7f2dffba57701bf6f22b6a04cc0,9146985185588,75.0
87499377292f7487ff86cee7e12cd5f0,9322260070708,80.0
ec27263b126f7b57e03b079873c13b45,9181680140596,75.0
938828440744ae1d0630890d459c12ac,9282593489204,82.6086956521739
44d8ef44bf203f28ca3382c8571a0edd,9146977681716,80.0
6911fa314a41e097bc15200e7b952d8b,9260175032628,75.75757575757575
d8b25424ebb834013618102fb41aa06a,9135967994164,75.67567567567568
d8feaab0185e67bbb6404001415ff60a,9107406324020,76.19047619047619
9775956018b28f2da5b05c0a522b8ea9,9107406324020,76.19047619047619
a90d17c1b4c58060ce91baf9cf5e2df5,9135962325300,88.88888888888889
ee1f41fe6d6f16f28200ab8e35d22bab,9327762866484,82.75862068965517
54648d3ae86db206b26f13a3fc41bf22,9327762866484,82.75862068965517
528ac51d66a1875854a4f449d07a3ddc,9327764504884,77.77777777777779
d86a7b65c3d85a1671624118a12f207b,8868587110708,83.33333333333334
361983c18cdc7c77996f563b679ff1c0,9172026982708,75.0
97efc26051e5f106c2a1dc0f9960a7ff,8945225498932,84.44444444444444
1f626d380ad09ba864ceae30d7803ac4,6636649285452,80.0
59ec3ae010d96bb90c2d3a20176a04bc,9302194520372,76.19047619047619
e4fa087376f1a89f84f1371d43bd071b,9210538131764,83.49514563106796
08c6a226afe12e74db42496fe1d82793,9289804742964,78.48101265822784
b5fff51223a1f82d8589219b44cc891f,9229414236468,75.86206896551724
dd0667ccd5548ce6ebb6201c9fddf9bb,9181677945140,86.95652173913044
ec13dfccc363ccf0fbab7b76f1329874,6638380418892,81.81818181818181
89f127e26863fddaaa19819ec49f3a12,9327761228084,83.87096774193549
93b32f893d98b0f9bc0f489ee8f9c155,9322260070708,81.4814814814815
754e51c4fc1c6d4aa42c4f5f17b276fe,9229418463540,79.3103448275862
ef308b355b2f795f88f62195dfb5c93b,9172024361268,81.25
37bf61ae1dbd727e9549e878f20553b4,8945197515060,80.64516129032258
f022651bbd2ac8567010f640e00f06c6,6638316881740,76.92307692307692
16dce895da175495ef3876b606f9bca6,6635190388556,78.43137254901961
873d216b56f3c719df94a834e81a747c,9238761734452,76.31578947368422
4c13c35b8e63e07a374bb020d8bd93ec,9199535325492,76.54320987654322
1c5422bd6c315d7aba2b1ad0c10520d0,9210554057012,75.0
464969bc6c2250afd6a5b951ae0bd5f9,9210554057012,80.0
2c33b6c154b676890acf884e3b3a6825,9210554220852,80.0
b944d75287404de04b57477a81e4643b,9088836665652,77.06422018348624
9adccc7836acc775ac1dd75f3d4afcd9,9172018757940,75.55555555555556
1220540a6347d2e032924a0bc95a233a,9248306921780,77.77777777777779
dea75c69adc8fb55f34da6680cb362fa,9276004958516,77.55102040816327
312cacedefe1952bd22ee174478482d9,9323189600564,79.24528301886792
e634c116fd53d1fab44c83a525d44eb3,9107398787380,83.51648351648352
ce89113abc4c06794376b0f203ae0a5f,9289800352052,86.66666666666667
8ce8f0fa6001873331a8b4636336cc36,6636889802572,78.65168539325843
1c8d6a8891c81d240c04b73727fc5105,9135986573620,83.33333333333334
7ba94e7e941b662efc9c3b0dae0f7e5a,9327761228084,83.87096774193549
1215f384b77944d4d36331c82d67d97a,9322260070708,80.0
75c85510fbd3a8ccd020f05229a018bc,9322260070708,81.4814814814815
25bf83885d24fc5344ee49315e83d8d8,6638285981516,77.41935483870968
0a910bd7f87a71b62735d2ced96a6aad,9327762866484,83.87096774193549
0974132edab83bb70a0cd9c59fb56397,9243766358324,75.0
bff5c49dffb2d8f800908206bb60a300,9260187320628,76.92307692307692
4117241fedae53f8064194be671078ef,9274194526516,82.75862068965517
648db13b246aeb3fcba48f1a0d18e632,9238763176244,78.78787878787878
d0ebf15dbfe47900a98261b28de7d2aa,6638314293068,78.94736842105263
64149d55d87e75fc640469f6730add4d,9260177195316,76.0
d9d7ae86d5ac40f5417bdec00d0cd84d,9289804185908,82.6086956521739
ba45ed3dade1a8588b3862404160d4eb,9135968551220,86.95652173913044
d504c18d646d744a824d52f01d47a4a5,9316197728564,75.75757575757575
87a0c7ed508976448b493b3902962cc0,9046575087924,89.41176470588236
40f685680184a0e058ceea2574bfb16e,6636310333260,91.66666666666666
0f4fb19469493473470425be3efc77c8,9252657594676,87.32394366197182
ee3a003d74d247b087c27e09d98876cd,9302192816436,76.54320987654322
2c9b640947634cf0538c339a05208c6a,6637185795916,84.93150684931507
43f308fc08637050558bebe3b00b7a45,6638285981516,75.0
253314b133fe90e9b8740e3d3536f15e,9135968583988,88.88888888888889
0a3fc164f7a2ccfd2de75127b944a31e,9282595488052,75.86206896551724
c9b8bca199e4c6425f246d4c68052375,9213868048692,85.1063829787234
f189662ebba684dfe6e58a00c8c4c5bd,6638277330764,86.36363636363636
89b223fe06aaab300aa0f70822ae3791,9135969829172,84.21052631578947
19d81a522f131ecf97c9a0eaf6a57fae,9181682073908,81.81818181818181
9a562f353e11ad2f06396a3d72228d2b,9260187156788,77.27272727272727
15c6a02b73c8f1b4241602871f07dd0c,9289803268404,78.26086956521739
be9e828c65af54c1fc12ca314cab0632,9327761064244,80.0
657a8e579960b753df61ca3ae1241921,9289806250292,91.52542372881356
e63b72559901ebef6d11ba81a713f6af,9181678960948,88.88888888888889
502fa0e5c978a276c684e91fd1940c4d,9135972909364,94.5054945054945
a2e6745ae569ea874de73f8084d6630a,6638334412620,80.95238095238095
ef5bb822832e40a9acdefaf493e5c75f,9046586261812,84.44444444444444
ba191f59cf14e9b1537ce733d7f45978,9172014170420,84.44444444444444
d8626c106b600a5a0f579259f996909e,9172014268724,85.41666666666666
817c3b7fd7fd05362a4d3bd3350ae4e1,9282604597556,84.31372549019608
3ad042ba3a37ecb9f321f17c24fb1523,9146980958516,75.0
28903fdcaaa37fc21b3f9c23477e8dfe,9276004958516,76.59574468085107
ca9823f3d8df83ef38cb1d09f9f03bfb,9260174278964,92.3076923076923
1fc3433b296111eeff49d35dd3eb20ae,6638285981516,75.0
25d3bc1cc19bf84e70995d9877157158,9107397640500,91.56626506024097
ea4eb02289544f67c24384d37c83fd22,6635136452428,82.6086956521739
52615b4eddb67236a9672fbce910a02e,9135977627956,76.19047619047619
c17e14751ea24c933b0a416a45719124,9315416015156,94.39999999999999
12c547f3058759208adac04b70f1b8f7,9210556449076,94.01709401709401
6d8c624416011d9c836f308be9806f80,9046569550132,89.36170212765957
f7408eface49cf301d8899a75a588e83,9327761097012,82.14285714285714
9a4a427c5e007b6fc02f42c0c50d89e7,8945221042484,80.0
e45c192445068968c1896a8593f7607c,9327764373812,83.87096774193549
9e56b59b7c309aca6d2ee2b32398df3c,9238763176244,83.87096774193549
a73f108c0465515f24091ab358ad9aad,6636243257164,92.3076923076923
02796d3a038091b9ede1b929a553b82b,6638298924876,92.78350515463917
51c9121e86b8ad55f7d4d1b5fe9d4d65,9282601845044,81.25
ecb6afb8e8fe6af0733441d1fd1edcef,9282601877812,81.25
ae2a234473ea481b9ee4248f7fb5e439,9172011712820,84.93150684931507
7b0d60dbc68440f7310c956234dc8fc3,9282601386292,78.57142857142857
1e3561c204c1551f5e29f3ca40b5283a,9327763358004,80.64516129032258
12d12927c7275ff55d5bc26914665b4f,9155053191476,80.0
dc09e15047e745a21c2df17d9cc09748,9289806872884,84.84848484848484
6532f6c0409229a3edc54704ee6a1b9a,9199544893748,81.4814814814815
994d00b0dba698df2aef5038061c3ec9,9276004598068,75.86206896551724
df9b677aa6747f6c97dd285a132ad689,6637191989068,76.59574468085107
124c9a046055bbcd01880965c32f6d49,9305049563444,82.88288288288288
df74669936b95ea6e763023d7cb85de1,9289813295412,86.48648648648648
4e7c6d0bf9261f36ec61a5b4bcc498c3,9135985000756,79.51807228915662
620f43a575473442f91b39139353ae05,9302191505716,76.92307692307692
2fa4c1d055cc3ff9c2cd53ce9bda7ab7,9248294142260,85.71428571428572
26f9f5ee0af7a1e5c8ac1f2a5aa5fb73,8853094793524,85.0
c50b5ce98692e8fe4fca690374393464,9210542194996,89.47368421052632
1540a0f420d303b2f1dd0ab936a90bfc,9274191675700,88.0
21f285791a4064b083c6b989552b7e93,9289806315828,92.7536231884058
5e83a0c15bcf79537322ab7d6a3b72e1,9248299254068,84.84848484848484
340bc73d2fdf188925b39fcf635727ce,8853108097332,92.53731343283582
4de94fc6f34d3e136e85dd729e20ee83,6633719039820,76.92307692307692
ea393451bc39b03c74184974893c7ca7,9316196417844,79.45205479452055
d1e792ee57364f8193d4f0454cdb26d9,9283749740852,80.95238095238095
0baf0d701bbf3e18c471e82762db6be4,9155034644788,79.16666666666666
73852685070b92adf2dbcec1201b3564,6633912829772,82.5
172acafded20328da911bca170c8b02d,9282596471092,89.79591836734694
fa67b314e7fb4cd6d8a09b0cf7d2c9ac,9327763259700,80.64516129032258
bf3b5a81c82fa3f0b4bcdba3ed7432c5,9329033118004,81.63265306122449
d1ce3a4a268dbfca0ff7cd99ba6b6d3f,8853094957364,81.25
7f968c20d8c3a85651593b15014e8629,9302191440180,81.25
b0f6ae8d6d66eec9b68ade8a4a122c63,9248294011188,88.88888888888889
b570be8ebd362345075dc75b0fcb2308,9181669622068,88.46153846153845
c8e466ef261e99d2af92a509e2fb1cb8,9172015481140,75.67567567567568
6ba1c523d27e996d653eaa1e8e9247c9,9298538627380,87.05882352941177
e291b0e81cd70bfd20a7e65756c4ede5,8945197056308,77.55102040816327
426ab782da235b289c9546f5af4c0dfc,9238761570612,84.84848484848484
fecd2b0183d198b00933e3ba6a711f3a,9107400491316,83.16831683168317
9c8f157e9f47f1670fe682d8b382c7a7,6638267041612,75.86206896551724
e064ca4dbb520b77e5b21fa0080da4f4,9293621657908,81.08108108108108
eafe2816efccf3942967d937e53cc0be,9316199792948,88.13559322033898
94458c7459d3efabfb558be19b17d873,6635164567372,78.78787878787878
f9b88faba29290fc51ebb9e3755d4932,9327762669876,79.3103448275862
585bb7155136eed20761987b63d7c3c5,9224638988596,78.94736842105263
62b406c6a6a33c8b1d5a07b828acfeb6,6634215409484,87.05882352941177
3c54b5288da054ad8c27995127bf1015,9302189375796,76.05633802816901
1f71f95492697e62f3bf6a03454baf40,6638245906252,80.0
4488ca5e5b70164f5ccf2bd9b3a8f1f6,4705809631052,78.94736842105263
b5699289db6d88af80af650b8af9adcc,8812537413940,83.78378378378379
a295ec267396367ea53564ed9f9a77b6,9238766485812,77.55102040816327
82ef61dc6d2c78efc0cdab18580f230e,8868592681268,80.0
cce76c1b65e158883657df2f3ed8d266,9274193609012,77.92207792207793
70c84bd2b5bd7b306278f5e7a3bd38fb,9316194746676,88.88888888888889
5b34804b929c8e36ccb83ca2504d9cba,8908490572084,82.53968253968253
a63e3ca504383efda2e99d2da6f2089d,9135985000756,83.51648351648352
bcf839606be6edafe473206ee3c26143,9327761064244,80.0
3a31fee3a2d3c81b19375829d4a06845,8908490637620,82.53968253968253
a0422d95914dc11a644ccb64c8a4067a,6638239844172,85.71428571428572
b1cb535df5c2258ecafce115d0d53602,9316211261748,77.41935483870968
522487ffb3050d48585bb758d238fadf,9255847067956,93.20388349514563
424ccdbe67e1ac97115b9ef4253275b7,8853110358324,91.95402298850574
dc7d14e6e017fe9d3181e6ca031fa8ff,9238761799988,86.66666666666667
3d827991de7e6deaba3875856d0db489,9107400458548,84.40366972477065
2c83aeaade753ad8a5e888ac72df26d9,9316197269812,87.5
64280548069ff1997392140817892459,9327761064244,81.4814814814815
6a3d6eb4de5d95d2c32094fd176e6158,9107406324020,78.26086956521739
91a0795cd6a3ee3ea16b7d084c8440a1,6638230243148,84.93150684931507
c195b847ccaff35be4bd8030a08dd2a0,9261764051252,84.50704225352112
6e36887edc0c6398598df5c2fedb7b98,9210547798324,79.33884297520662
5e4b481285e6a8b70415105152ab247e,9107412746548,83.33333333333334
86013c3f1a0a6af702e4de3578800ed8,8945213702452,78.87323943661973
a1fa9af1115e7c4064aaea9ca9b1a8ab,9238761275700,85.33333333333333
ee8ee787ddcd7226de699ea207a577b8,9282595717428,86.66666666666667
7378bf0bd4d729fde8e4d84fc0976454,8888398348596,84.44444444444444
d0e3b8ed3266447bee517cd8940e9ff8,9135971533108,86.66666666666667
eabb19f755360de58bef884b090a3814,8945225040180,78.26086956521739
ac4bb365aaefe86aae593a00fd9c27c5,9274194428212,89.74358974358975
f6772a2fb090ae1135675bd6cdc3a2b7,9248305414452,79.24528301886792
a0cdf004b56bb0d9f76fdb39438fa18f,9274194329908,77.14285714285715
9d04dce07f18d4339145612be384bcf0,9135971500340,83.33333333333334
b77b1b404334d2baae773c64e297e690,9199539192116,77.5
23d22aa92587f83cffdcaa23c2051f0b,9135984574772,88.63636363636364
ecccc3c9d0437da8b1a2ea8b2544bedd,9192630026548,77.77777777777779
9de2a81704f66cb8881342ba2e651069,8853133852980,77.22772277227723
3c8c5ad33d9f15a4718d2c98d67335e6,9291626971444,76.92307692307692
c566a5b200049a773ce905751ee7987d,9291626873140,80.51948051948052
b35d46268bab09b05b077acc9948d7c0,6638285981516,78.26086956521739
9150ca824d9aa4113d853388d57ac270,9322914447668,76.47058823529412
d15256dc84d7edc964c895035254e4fc,9291627004212,78.68852459016394
5144d3cd076711dd85a0a79e5603f10a,9282598830388,90.41095890410959
c9896352d7eb0956dfc12e6eb0a54bb3,9199543386420,89.55223880597015
edabc6dbe2b5ad86e00245f8ad88c4dc,9327761064244,81.4814814814815
aae7b8ef4848cdd6294b7b24165beeea,6637189367628,92.78350515463917
f1d38bc794bdf9b9cdfce484346ae7b1,6637189400396,93.18181818181819
aadefaaac6017efc29abba1f4412d7cd,6636881872716,85.1063829787234
05191fdc92c6296efee095454b5a312e,9199543124276,86.27450980392157
fbd7be0c3e9e9999ac877a8c157971b4,6638275659596,81.81818181818181
ccc7f707cc605f816dcf93fc172ce500,6638292338508,83.78378378378379
f42a34c8996385000fd0766cb5f68411,9088826900788,75.67567567567568
a7e43154204f2fa32c658b808af409db,9135968354612,84.44444444444444
b67de06a02ec573494deeff814ef9492,9135968354612,84.21052631578947
fe01fdbc8449916a39bafbc5dbdae00e,6636878989132,90.2439024390244
171007013094b9738b5accab5844f80e,9327758377268,78.65168539325843
d00d4e3b6ab88348a9a60a801c753731,9330673942836,84.0909090909091
f1da1b71ba3668254d6807ab4c6feb61,9327759032628,84.0909090909091
69d7547bd6797f9c394f5ea0b73ed0a4,9181682139444,75.47169811320755
ad2a0402fe1fd3dce1d5e1e5aa25ae04,9135962030388,75.78947368421053
3293ea511911d5de05f406faf4266d17,9282595488052,76.47058823529412
9a693bc4d832835fa7471cc202df8622,9135962358068,81.81818181818181
21652116682fbef6cc032a465ae1df95,9248304922932,75.36231884057972
57bb204c673554173747e557521329ab,9289808445748,77.55102040816327
a7adf6efd7d0929e17eeba8c1919119b,9274193936692,82.4742268041237
45dd02d6713a9c1925672eff4590faa6,9323390861620,77.55102040816327
fbb161ffe64f84cf661d822502ab5de5,6638267041612,76.47058823529412
e3ea59b7b87ba496fbdd1bc1a36cb10b,9107393249588,80.0
34cba854c1bfac8cfed86c28a0c39a84,6636308891468,90.69767441860466
2f6586edfceec931e24c6b0d08ee516d,9182682775860,75.0
49c20e028e6ed103d725c040585e9801,9282599780660,88.63636363636364
80c17eea8b8164b3e114c4f4d550193a,9238761472308,91.17647058823529
a7ec363aface538f167c1479f1c77fc3,9243292401972,82.92682926829268
b2418b4d4795e8845a1e3dc81d77907e,9107408814388,86.0
9b4694874af6640adbcb26e3157d5ee9,8945225498932,80.85106382978724
f56cbb00481526aff196db28472b0166,8868587667764,83.78378378378379
b2e96650ee00a408f5c5cc5300ef3c30,9316198187316,75.0
bf3a8a2088f2e18c6fb98c42982442de,9088828899636,80.0
ac2ecac2f896bc99895138b62e1d7266,9181680238900,77.64705882352942
6e4f25064e34bdd3b43dec4f67fd0cf8,9199536111924,87.71929824561404
af664bf3cd06546ea2047f685da59071,9241204392244,82.75862068965517
d7283acb9b2a063d992243ddccb064c9,6636310595404,76.05633802816901
ac35163962da9aefa9d31ab02ce5d546,9289803006260,88.23529411764706
4aa2de322fa23a31fe3e47e728839c78,9199534768436,84.93150684931507
ccfbedad511c50c44683b6c3c4e14259,9210547831092,78.63247863247864
fbe3413d75521266449a78c4c7ab24a1,6638272677708,83.87096774193549
355523e3cfa69d3dd98328f081c5ce23,9282601222452,81.57894736842105
86ea417eaf01678e96c019fda771ed5c,9282601353524,81.57894736842105
0733e2889005cefc50832813f6016cc5,6637186582348,89.47368421052632
b402b6f28b557217363e372f0c108755,9181679124788,81.81818181818181
20e6e7913049ca5cf4960bab872e5acb,9289804120372,89.23076923076923
429056c9ee21ef30b8d8a73838f42205,6636862998348,89.23076923076923
11d1a046706c7765e1c045061258d1bd,9107394036020,91.13924050632912
15eaa5675cc6ce71b7546cf4b8d37bf0,8945221501236,80.43478260869566
ac0ef3464ca1141fd076d1c6da1a0a26,9248292864308,84.21052631578947
21834833e1547640391a42ec9100d5c7,9289800581428,82.45614035087719
c3294c114188612073353ede9a4c9be9,9199535849780,78.0
9afc64570d2c9d9df2b3992223cc2a33,9302193111348,75.24752475247524
4ed3eaeb031589279c6c5289398f103b,9172011548980,87.05882352941177
4f17548c13a4fb598a70c021e0c6670a,6635247044428,91.83673469387756
2f89ec39d50ab833958c3c812b74d6b5,9046566273332,88.37209302325581
2a25ddc188a6302caf215c0e66e4607e,9172017742132,84.44444444444444
29c445018c0c09d98070eef9afc9a6d2,6636634507084,87.75510204081633
f07783b193a5959c671dfc12f53ef79e,9316198416692,86.41975308641976
567f6d953945106987afa3a1df351589,6635213752140,86.31578947368422
9f3dc337fd4a2dcc10247b057a42c3e3,6536042776396,79.45205479452055
fec4a3a429ced04576ec8aa6b69bbf54,9274191806772,86.36363636363636
17caeaaf9ed62c87c0b6ac436ab8e392,9316194779444,87.05882352941177
7eb0ec77c205a1970d49168e923a292b,9327763259700,80.0
1d67fe2c79a59b3e16cce886245bcc27,9238761374004,83.63636363636364
d541ea056e28840b7d0a2d2444963725,6635151656780,91.56626506024097
59112f7503591fcd4787f5e9724d79e8,9327762964788,86.48648648648648
bdde865fa9bb0272b2c3de5c8a4b96a8,9135973663028,92.78350515463917
7ced6a49479b9f13120ce242f06ac0eb,9181671915828,78.87323943661973
d926d7b03ef53a8a6526cd765335c4b2,9316211261748,75.86206896551724
fcf11e00538844db5076f1648df198b7,9282596471092,76.59574468085107
f6b528c2b4acb52e28c0760a2afac283,9316211294516,81.08108108108108
9ce09b2051f10f27b1ed67cf99507f8d,9181678895412,80.0
884b65330d52bc00ecbaf678b5580e5c,9282600501556,80.0
f9a9af6e3ef82e220411fa7582050cb7,9058091729204,75.86206896551724
c5fca7b82b2622b9971229d1f5fee92d,9046588752180,100.0
b30656a024c30d7db95f838cd93d3bc6,9316211294516,80.0
80d26cd5e7819fee84cae53c7f24726f,9088821133620,76.92307692307692
4025c6fbd1952feba948bac13e97c655,9316211360052,82.75862068965517
68c2766712cf61107b141a6314f60abf,6636857493324,80.0
cb952361e770ae648b662fc16c970250,9046588883252,83.87096774193549
64ab651fe51afe7a40656db313cdbafb,9316210082100,77.77777777777779
2e50296ebd126ba2c9e8ab2440cbfca2,9327762276660,77.77777777777779
0afe0725847f40867690199c78bc7155,9155045884212,75.0
ad5986bd14df5ecae5402f51fdf90e12,6635227875148,84.21052631578947
5caf3b40ab1feb9216e2492913a57cb5,9046591406388,83.72093023255813
01853b3788261b0df4151a47cde89bdd,8868589994292,85.0
1a11febee6355581b81f3c116d9b2600,9289806512436,80.0
1bff7c6e6bb34fd75caa0e6575b17606,6638239582028,75.86206896551724
a04244784975116043ed6a50619447d9,6637194446668,78.94736842105263
823f6c8f9bebd0b4a0b5dc8a48ff30a7,9172010828084,77.41935483870968
1417d5cb9c17f8bef58f15b50e998d4a,9046569419060,81.81818181818181
2c86e856205df579f55358dcc5a05f5e,9233947427124,82.92682926829268
eb17c9028bc9e10414299fb1936a46af,9274192199988,84.33734939759037
234b106d0245b41807d586f519566c77,4706497660748,83.78378378378379
e8eba7445cc26f1f81324ff5c993c395,9248305447220,80.76923076923077
e29fbb4740da21d803175d8a966671b3,6638292272972,83.78378378378379
36f6797164b9771a4dba3a5d8f54faad,9276004598068,77.41935483870968
660e13cc92c99ec227a43492f78c0293,6638334510924,87.5
730677d5c3a4db8c88b2e8b9394ba5f3,9199535259956,77.5
2a9430581fb94abda67dd8c848558dec,9248298860852,80.0
1cbec753bb0ab97274becd1ea2c83aaf,6636231624524,79.24528301886792
e91ddc9fe210cf9c131ef305d6fdea62,9328546545972,86.79245283018868
a756c467f97e6ce505974d260fb5a717,9229414760756,88.23529411764706
2a7fdd1a4240cc0eb2abbeb117c4c028,8945214423348,89.65517241379311
0052a18c739bab8ad0670b6c2f146b71,9172010926388,83.33333333333334
8344a61e0e6b456159c2caf97059d82f,9293621264692,88.0
6a1b385bb33c228ef54412d13dd8c339,6634273867596,79.16666666666666
7d71068497bd1f7f312f327e3c8f3d0b,6636632344396,75.0
0db00063b263c66f3ad9e836efeac749,9199543320884,90.41095890410959
ace8ae7af6939db90aec9072cd556ad9,9172020986164,85.0
2deef343c2f9fcb38531c1a58b638690,6635164469068,80.0
ca1877930dd1c54c69ef26978dabb677,6638285981516,78.26086956521739
487fcbcecfc9d77f0ec8a9a1bdd468e0,9274191610164,83.33333333333334
23037db0ad9f6d5c4feb7d95192b3061,9172020199732,84.44444444444444
e3f27cdf5d50ed63903b1f802f447ea8,9210555990324,79.16666666666666
272d34453a1a70e404b146161502ac2a,9305049465140,79.12087912087912
33a4028827608abaa4548eaf01767296,9289806283060,84.33734939759037
857e5d9721b9c53585dea5f6d3e99d72,9199547580724,75.0
f2a9807316bb4e8e677bd427be037472,9210537836852,76.28865979381443
f83fda14f939f39331213b23f6f64c90,8945200365876,78.04878048780488
a4fe1b89f004709a8178d5ce980c4a9c,8853097021748,78.65168539325843
4e86b102c79081e5ff8a440069ada40a,9199547515188,78.57142857142857
099035ec76e553abb256267302e6fe16,6638228834124,82.6086956521739
61e64d14a1350033a13819c0609ec7de,9282601484596,77.77777777777779
143c0f3c255d4298abecd59b85ffeda6,9155051684148,85.71428571428572
dd75f8462208cda9ba5986e084212342,8945200464180,89.47368421052632
88f80fb5b96b6ea98bbf28e9e3c85b41,8945200398644,90.47619047619048
29b8e7262ec519b358fe8ec77dec2163,9088826900788,90.47619047619048
07dc639057cc92d6010712f1133af90d,6638354827084,84.7457627118644
5d4298ca752e4832f2c2512da9905aff,9274198360372,90.9090909090909
3b5f2b1d4381f4f766ce11a899e1c300,6638228834124,79.16666666666666
66f35dc3315eb8761d7009822071590e,9291626676532,91.17647058823529
c75b59773edd8866ae2d9d39e70a9960,9146980237620,85.0
ac2507fa637c58e15d6d7ce31fa772f1,9229419315508,86.11111111111111
00ecd48629be99113daeecb455751103,6636634113868,87.8048780487805
d8759670ec49b4e8c862c19ae7032dbf,9293621657908,79.06976744186046
1f860b589cd8ceeddecb5a8d2d9da2a1,6638385006412,84.50704225352112
f2ac90053472a7b67fdbb30543fc566e,9289802744116,82.6086956521739
57b8f16d9e9b960a5537184f24451194,8945221828916,89.28571428571429
ebddedfc1d45d3f579c0b0919309b2e5,9199547744564,75.36231884057972
85949af7618439840b70ac2fc0553362,6637186680652,84.21052631578947
c60eff7d8a9762f629fc8efceef36c5a,9172024230196,84.05797101449275
c0970bde85f73a4ed1ca5d12f0886a4e,9289802744116,82.6086956521739
74524420fad0c914e075db0d50264c71,9282597323060,77.77777777777779
6066537e3f2a798cc50caafb949a241c,9248297386292,89.8876404494382
dda30f8f7e91b639a07d8317b7ceecdb,9210555629876,89.1566265060241
9bd57026f6fb4bd7be90e82efa8bd9fd,6637187598156,87.8048780487805
a9f4ea0a1e4ece1681740a022dc5419b,6638350337868,88.88888888888889
de7e97918e159638de679b1d2bc20a75,9260190597428,81.4814814814815
3b415765092998b2cfb6fe43ce9372f4,9274193379636,87.17948717948718
d341ad3853806e290ea25fa7b84f44bc,9291626938676,87.64044943820225
8e09f633e9c860c9503744abe04e9ef6,9210541637940,85.36585365853658
b4739917498a0b03bb0513ed257a2513,9199540175156,88.37209302325581
085635595113db0021d916def71dd1c6,9248296173876,84.0909090909091
e41403a0ba077d1639b6838b929c490a,9199540502836,92.85714285714286
a27803d1ce1a016e755b82411b0efe9c,9274191839540,87.5
aae8a97db7c20ea850414ebcd798f574,9330103058740,78.68852459016394
8913437ff27158150670c5d988069f3d,9302189867316,85.71428571428572
f912cdedb9e13852e610d70b0bf0421b,8853134737716,84.93150684931507
fa930583d3a6f25ac09a5cbdffe6f161,9320047804724,82.66666666666667
938521898a3c9a2ac640e24def32d991,9283782246708,80.0
93af33249646bd6262cebef20df32706,6636164646732,82.05128205128204
940a0ed8dd7d995f9a596c2f9dc8fc69,9298542362932,75.0
60089efaaf33fad0ac3c8d67d2b30012,9298542297396,83.33333333333334
965fe9918263746ed6c62e13027a62ca,9238763274548,75.86206896551724
a48ded44c9ee1bb0797f411fe7278835,9327760539956,76.54320987654322
47aef08170a6ce6ac8057d42973cd19e,9289803694388,83.33333333333334
2f906eed26abc5c66fc00eb64178cea2,9289809789236,78.57142857142857
9d439fd8e2858fba5c911444d8e08754,6637189039948,88.23529411764706
8959a6b66d0b70668feceeb8805931d2,9248297353524,88.88888888888889
86c391b615cd59c6123c209adad3c027,9199540273460,88.23529411764706
a637f82d2a2d2f14c33bc4ea342e453a,9289803137332,85.0
037ddaff52923b8f45dbcea34f5fe790,9260186992948,82.35294117647058
bc68c28ff7a915cde95a7485f61179e0,9248303448372,75.29411764705883
3f5455b94d887a1f98b3de0c56da00fb,8945211834676,82.53968253968253
38238dbae5e8559407f2963b4ba063bf,9243292401972,82.92682926829268
a9e4cd999ac201f497b0d42b63674b5c,6637191595852,77.64705882352942
e1b78b5ad35be0e982edb41246ea2b7e,6636240996172,82.1917808219178
09e5d4d484b5b2da01ed69ca7caa0732,6636634081100,90.19607843137256
1f5cb179133cc5d521801fe7ad364553,9248299417908,82.75862068965517
ebbaddbc9c8d0c1d37904995b448f2ef,9296195453236,91.22807017543859
222b3807285e88e16f43bcbd50788fd9,9135977529652,84.0
7fd7fa369b747490870be19d6a2ac195,6636862965580,84.84848484848484
5eceb4fbc0937b44288f651854923875,9289809461556,82.6086956521739
7556afd964d9929031603843d64b1af0,9260186337588,75.40983606557377
85a36c269a5b960096a14ef1e6676593,9260186992948,77.77777777777779
b6334c81e653ea0ba2444827ab9173ef,9282600501556,80.0
840b288de73db380a583ea5135579c1d,8945219731764,87.5
f1f1b26e54d0d27a483e015916cfd71d,9243292401972,82.92682926829268
e70ac9995eb4f463f0546183a7f80935,9088833454388,78.89908256880733
540095f39ef079c8c7c9d559ff8b1ba8,9248297025844,75.47169811320755
2d88f4f2edecb4c7f03cf760fae84539,9260173820212,87.5
f9b24460799ae711b1bbe40274e76d1b,8874613473588,76.71232876712328
273cf6850b4f3a9a5cd345f77f4d229e,6636889278284,90.2439024390244
803e5a7b4e6aa143c22d2c1566f9c9d6,9181679616308,80.0
6b39730478d0c068b25270fa816a7547,9289801728308,87.8048780487805
54be65434f5e6feb91575b53ef6d966f,8945225367860,80.0
44636bbbc6dc0f3788622e7b39b39ca3,6636500551500,87.09677419354838
dacb2c18a3007828bc5c4e3859f59752,9199534309684,82.2429906542056
a5385fc83d468c37e39804baf2b10743,9135977398580,78.94736842105263
6ecc593387d2993f0317eead3b0e0c27,9135977759028,83.33333333333334
eb6710ac9b7a9380202627e56835b512,9316196712756,86.48648648648648
8295b78ba9ecc456ac2fff3f02b8cf85,9248293388596,86.66666666666667
e532527945d4447aaa773b37bbd2dcee,9172019020084,89.23076923076923
cfd808236454bbbf45068b971adabb3e,6638270187340,77.10843373493977
64c15e4f46f07183de2755a663c08562,9075750469940,75.0
05cdf38de20ec3b187dd6e35b7aa5b91,9248297189684,86.36363636363636
2c4c023ac6bb5f21c94760612373c735,9289809264948,87.67123287671232
066311dd99d7af163b3c00c1bc452422,9316194025780,84.44444444444444
bad3cb26dcfc7f0df29ab8df9936561f,8853101117748,77.14285714285715
7ad59f7f697abd0f2e22ee0f6594fa80,9155044049204,81.63265306122449
a5da4760c1cb84982f1ef34363477537,9316205822260,85.71428571428572
982028e2146db230d1790db22f6fa675,9289807921460,78.04878048780488
c852296159585d9870e141233dbd5a68,9289803858228,81.9672131147541
f681c149a2a46abdf281d3556a898ba2,9172019544372,80.95238095238095
46e2ea224bcd6928f04b5b488b26da9a,9274194264372,89.07563025210084
26520024743336fb671122ce2f8f219b,9274194297140,88.28828828828829
729fda1f7588a1faf821aa1bab85af42,9302197403956,81.08108108108108
cde0f51a2db606dd8f33320433a72a36,9260177981748,83.11688311688312
73cdee97b49b2465c97e9a04d298bbb6,9172018331956,75.36231884057972
d8fc7d76e38f59b5f79bb98d320a6d7b,9248299221300,76.47058823529412
c1bc210808cb707d25eddbbe7f0d0a04,9274201866548,76.92307692307692
1a9df295436fa56800d9146b4629c7d2,9316196811060,77.22772277227723
e7428ec90067640670d8f79fab22f544,9107412746548,83.33333333333334
565635981fa13d1f529e2a9a069a823a,9199534211380,80.0
28d694b81bc253cd1572bbc0899afeb1,9289811951924,85.71428571428572
5cb37826a0a34b691fde4163bafa361c,9238758162740,79.36507936507937
c49af3ed7e571ff462ae78f16bf7718a,9248296010036,78.16091954022988
0c6a8e0a7992e941f8652df6e0781eaf,9210546880820,86.11111111111111
a679038c104e130cedd54d4843aeeb4d,9316199203124,77.5
3f46508500e3c1f57c9614a0c5b36e66,9238760915252,88.63636363636364
50c5c3f4c77c9790b4c7f5f754569ea8,6636880168780,93.75
c9a7aa362a507343ee8a8c2bf9a1954c,9289801990452,87.85046728971963
9d1125b0a5617455f72fc7cfb2ace46b,9289801924916,87.85046728971963
4ff940a97ae90e490094108e7a293917,9224637808948,78.4
8c2e7460443d4c9f1d80bae424886f64,9238766747956,81.72043010752688
bc680a19d563693445972ae010f53d24,6638259898188,92.47311827956989
a90d6f7c7eaeab0fcf88309f772e46cc,9302194028852,88.88888888888889
211c3efb55f07f3784eda3f90e8466a6,9260173295924,80.0
b98060694ef912cb9a84f64848bba491,9238760194356,82.66666666666667
3beb8eb54f5b60053f460e45d97f292d,9171601555764,79.3103448275862
e3518e576910fbb1987793c2424a8277,9302188097844,84.33734939759037
c55a917cf26dd9914a0c5a45ec1b0894,9289810149684,77.19298245614034
98dffa322d55e50a66619cbcec23c000,9302197403956,85.71428571428572
2a1765c2ac6ed8aa2cea72361aff6e94,9289805693236,85.71428571428572
9467bdd5fec46589680edcec3f01bdf4,9248297615668,84.375
9eebac780c96505b40e856ec8b8ecb05,6635137468236,75.40983606557377
b38c51032cf73d0db1e938105f1c207b,9260175720756,77.64705882352942
d5dbc405cbb3fd53e6d1a321af028707,9282605383988,75.67567567567568
9331502712960017f7ed34db8341de72,6635324114764,76.19047619047619
0a2b0eed1ef414206601e2eefef200cb,9302197174580,85.0
5c85b27d0afab753d0fe9082bafe4d9e,9274197279028,88.46153846153845
8acc4d518ddb581b5bbae1570f417657,6636880299852,82.75862068965517
f0ff08339b99f1044a123a110e90ce70,6634279208780,89.36170212765957
ebf3100bfb2b9fa9060331a98c9ca048,9327763849524,77.77777777777779
d2c566c17a64a8046ba8a9a9ce7c73af,9289811689780,77.77777777777779
928f1dc8a78c20f6eedee2193c4c3c13,9155054436660,86.79245283018868
b619e60b1b559d93656aafdb3cf95a92,9276004598068,75.86206896551724
47c58b821babf1a95c02dd4ad1b83c3d,9199544467764,85.71428571428572
fc738eb4c1f8210ed0f81f115a772b2c,9172014235956,85.1063829787234
9af462313a8ed7d71b82e83a6866bc21,6636243388236,85.71428571428572
e82ecf8e0035a7b439723078a2e4716b,9229419381044,86.04651162790698
46e738fa07518a21d94c0c7b9374753c,9088824738100,81.41592920353982
f01eb1c6199f082abfecff29af7d64a8,9046586097972,85.21739130434783
25094ae4728a8f2bc6e5ed74477d7587,9328629711156,87.85046728971963
703150f0d387304d677fd8f7987e3937,9046586097972,86.66666666666667
39cfa280326fbb281a5d8f4171bdc5a7,9285129765172,81.25
daf78b5c7013a2dc6b8e00f92b70ed2d,9316209721652,100.0
da084e9d197cd9c58090b91ea57e5037,9282600501556,80.0
66aef5d5fff26b2a74ab3a34f4430130,9238763077940,78.94736842105263
c1c932d87c5446a742bf2d78c5e3b514,6637194118988,88.23529411764706
95fceb410dbf6e1c337b37a93a0e585c,6637194184524,88.46153846153845
249abea1af00b6835c492c8407ee29fe,9248302137652,76.92307692307692
31b5924ca4f79d1db8eac65c726f9ab7,9135985164596,89.90825688073394
ca766a2e985657a0807a5841d71cc092,6635137206092,90.9090909090909
2a803f5a8b646e86a7228bef85001b96,9289809461556,82.6086956521739
9128e257e1b3d57b7c4d56b9baf094e1,9229419249972,76.71232876712328
8759f6fea09ee19da5fac13ed3f8891e,9289804054836,83.33333333333334
3c386b4f25cc419f774640dd529e9bff,6638305871692,88.67924528301887
26b7acb79ab958e028cb7d33943a97b5,6638334412620,80.0
3a4a3d1f9475e67634415c91dfbbea37,6635204675404,80.0
fa7fd7718799fcf4b9b23a16e9809008,6638275659596,81.81818181818181
ea015167ca8f172900b62ed52e804af2,6638258390860,78.43137254901961
688f6f7d1f73cf4900d26637e6086836,6638233880396,82.0
e1eba77efef2b5b2b8133aa664802a30,9248293290292,83.54430379746836
59f29f6cff712fcf17f18aec4446cae9,9327763915060,85.0
3ab46ba5ef2dedcb39029af6ebacea6f,6638318552908,83.87096774193549
d6fa701dae65c7eba976b71139b5f3d0,9274193248564,76.19047619047619
3fd7726aabdfb959fa4ae62f8c03e94d,6638250854220,78.35051546391753
36efd53f3b00abb4f226f7f0e8a1be7d,8853133361460,77.77777777777779
caf1721e7fd559fe80684890a69352fe,9229046645044,81.25
1bc2366a1db95026160342d815f892f3,9199540502836,85.71428571428572
d5bf47dea9990bb6ab3452d9675c9064,9260185354548,77.41935483870968
196d500dd6875c682c7101d592400147,9181676306740,81.15942028985508
b9fdd22bedf95129e0b5f3df77b20ae4,9302194258228,89.55223880597015
c028907182e4320d8b7d0260b9caefb5,9316194844980,91.13924050632912
e9764d3eb46b223a289928a2dee3038a,9289805529396,84.44444444444444
902ef266970a8481d81561e7137a0900,9327761064244,80.0
c5dff8d71b05c636acd2eaa8f13a1c08,9248301449524,75.0
788e911267a72da679320bad399040be,9238765994292,84.93150684931507
b064217af9933c594171d465f37c8916,9135976218932,82.53968253968253
57b431ce1deade111f9748aa8ec3edbc,8868593402164,76.92307692307692
67453aac6fbbf2e5d5181512e12151f4,8946647630132,82.6086956521739
ee3cdfd43dc00a37de73387e0926dc73,9224637645108,78.65168539325843
88e3e1235334459b4540e25d5cd9adfe,6638292240204,82.53968253968253
2ef279995db7963cd8d8a652bc117863,9248297058612,92.3076923076923
6191f86f1a5cb08bac279b4772ed5647,9075750469940,76.92307692307692
4f99dc7b5a586aa7c41df40895644ba0,8945211015476,79.59183673469387
6b554c4d3200f98e026cd5cadbc79880,8945211506996,81.81818181818181
c04b8027f04751de79b2d890f630bdc0,9135984804148,79.54545454545455
87ca903df6c63f41efb3fa4c39a2cc7f,9088827326772,88.37209302325581
f7ebee2148919b30948709e44188a8b3,9248305447220,80.76923076923077
2428e064f9bc799f6a2bd250ccdc47e2,9327761064244,81.25
e5c20c99bffb1a53c6786bdc1ae79fa8,6635324147532,90.14084507042254
b403f95e5e45e7fe2bc083fe1ac1f9ac,6636875089740,79.06976744186046
0a4de5ce41fe5c799c65dfb742a226d2,9243292434740,81.72043010752688
c21800485fd2f4b3125cfda4f3c0a21d,8853088600372,91.66666666666666
9618b58048a497c63da80d8cbaeac9e1,9327758213428,80.0
53c3603373811d7bb2c1e61ac0acc0f1,9107393904948,91.56626506024097
eca8fff5511aedaf00b7fb156edb0553,6636881872716,75.47169811320755
93bada5d03339c9db1f240257c595c0d,9181674340660,75.67567567567568
51605b65dad520ea5e700a813d1e4e5b,9293621821748,87.5
1d04b0bcf6493d8f7879b4f93b56b6ec,9146985185588,76.47058823529412
ab230e4e0ae9a8e6a7edb9ce7486fe08,9289806283060,84.70588235294117
b7e9149f09fbad3516565cfd6c3cea05,6635123345228,80.0
eacdaa7f20f63a3ff02220c42b87bc8b,9046573973812,76.19047619047619
b640c33534b6e8516654405e6813b15c,6635164567372,88.23529411764706
8337585bf4a68951bf7e3062d4b83069,8945225367860,75.0
e83ac6be242ae852ef2e46befe4eb0c8,9181674340660,83.33333333333334
1981273e0a9cdcdb396bb2fb2d0a32fd,9155052962100,76.47058823529412
c2e86806e8284d369a015e165e5f7a0e,8853097021748,78.65168539325843
52b6cdf7bc366f1e5e257c603544a576,9327761064244,80.0
1638a1ca6b387e6ed2b96527dbe9526f,9260187877684,81.9672131147541
e978975c2ce4661b40c855b4aedeb536,9327761260852,89.79591836734694
5e1ffef2515422240a625ba8f4b890ee,9327758246196,80.85106382978724
b87357cab5b1b9abb24354becce83005,8868587110708,80.0
7f82b4aba3fc8bb4dcadaf699c2cd3ad,9107399541044,80.76923076923077
a23b18d33dc06ed7a8de9330a8676045,6638240401228,90.0
3ab3d9a1241d98ccb2b38110a3dc8109,9283782443316,85.18518518518519
c3852af7212071bc4eb93ef83331f2db,9199540863284,75.60975609756098
d201f0d718e25843eae1b3c41f70402b,6635204577100,82.5
2dc911d085aac93e81382d9447bad300,6638315407180,76.40449438202246
d987be5fc252d00732b17755b2fdd472,6637188843340,88.31168831168831
a037151aebecf7cce45ca71b48f2335b,6635196516172,75.67567567567568
f14f5eff8f16ac5cb86e64966df97af8,9181673783604,78.04878048780488
48dceff858ce0a3d88fea923d8508a20,8853107540276,82.6086956521739
01d7884b9058f393ac40f51920bbfd2b,9307454996788,81.08108108108108
a3c82db3a7a6344d155f6c534fbfaf02,9327762669876,79.3103448275862
b12e66965e43af19d799ea6a9eaa28a9,8868589207860,88.46153846153845
f9f1cc37de0124c6fa1e0c89e18aa59f,9088822444340,82.82828282828282
e04a195f07e1c48ec45d98f54940d1cc,6638270580556,91.47286821705426
459314d840549ed0cd9cb5adcdfe8358,9107406324020,78.26086956521739
152481f222526bd1af1316f74f625f24,9135967994164,86.48648648648648
5b2c1d16be800d00c826bd366646b317,9155038445876,87.17948717948718
c6cb4fba2580f8bf9fd3fbe4f5990eec,9320552988980,77.5
ab0d6ec514f48bf1b0f2ef8dd20de25f,8945198137652,82.6086956521739
b5f71d325e750abb7163309fdaf06fd2,8853107507508,94.11764705882352
8617a65cd6947520f185751c5e35434a,9327761490228,78.78787878787878
c9cd3eb71ec21c00f5a70c1569839f81,6638233618252,81.08108108108108
e5b05ab3a4872cc0947acd173d9be828,9282606858548,85.71428571428572
17026e339b7ffa34fc2e6c168af92df4,9146984104244,78.78787878787878
2c60bcbc76201de32fb57d9499c84cdd,6634370697036,86.41975308641976
b704ec1d8cd26759500d07750f30bf78,8908485591348,91.66666666666666
4ab7f34b856d8a46905024afa8bbae36,6637194479436,87.8048780487805
9df49bf2d2344f5f8439c65ce6a03b23,6633981642572,83.33333333333334
6093ca48405171e077befdc78923d0e8,6637192054604,76.92307692307692
73022b8fc831dfd9d82a74f5a328b6ef,9229412991284,91.56626506024097
755752aa9617305cd961f81c17d519ce,9046586097972,75.43859649122807
a6eacbefc39ae1fef861567190b1dfaa,9199535325492,75.0
9f16308c3cd434bcc9b688a5ee6d2e37,9302198518068,75.0
444e6b8abbc609bd071f472ee61f57fb,9325899022644,80.0
443f716ede1a46643ed4f186b5466e21,9107400425780,75.0
e0363b09ae01df43711f261ff68c49be,9135982510388,77.64705882352942
b539e23421c1328cfd141bd5a6618518,9293621657908,75.0
19b5c50df6a5fe7e6df30faeca764fd9,8908490506548,81.9672131147541
1a90fd4147a498bac5b640520974cd35,9135970844980,77.5
a14067bf1736585082dddeb897604d42,9088818413876,92.72727272727272
87c8539dc9c3f5ff2d25fc44a8e905ab,6637191268172,87.67123287671232
08a6d0eb8e50d3856b81a2a40c39871a,9107413041460,82.35294117647058
7d98ee2a88e8a266c4ffafe843079e9a,9316209721652,76.92307692307692
498825dbe198ecd9bde5327c2a51c5d4,6638376421196,84.33734939759037
bc5479dda9f2e5ac3411527c50076134,9282595193140,84.7457627118644
49633af1954fba29dfd18bfbfabe1f47,9135969141044,89.1566265060241
cf069251e1efd477d49b392b74702292,6535587137356,84.0
0d423ca9ba72c5b124109c058b9ad1e6,9088834699572,75.0
80d8faa84794d16e111ced8d437771b6,9199535292724,82.35294117647058
235186ff68422f488923d99d1ca0b8be,6635243243340,82.75862068965517
1670a772de87ffce461afda365ac955b,8868592714036,79.16666666666666
7c940a45e52c4707dc3230c0ca5a1b82,6638376421196,93.33333333333333
fffdc90fe94c8f754ba31b75a4dd31d7,9088819691828,92.5
c630cf66d3080eb9707d7ca1352e7fca,9260183454004,84.21052631578947
2042f938280977c08bbca61a400dc794,9327762669876,79.3103448275862
84545d0b252a1cc151f8067ff33ac642,9210546782516,84.61538461538461
271c532d16eeb58a073b3bafe302c8c8,6636880594764,89.65517241379311
336765bd5ac7631f67bd6be2660ee8d6,9239958421812,79.01234567901234
1c4fe5ea2eab5bcf8da54242a5922ba2,9260177424692,88.13559322033898
b34f82b81f0b606ef62f1008d17e26bf,9248305742132,83.33333333333334
c51578d2e18fa08ae6943b38d661aec4,9227054874932,80.0
a72ae1ab8d489c6a22b08fd4b519ede5,9172011974964,79.48717948717949
83b0efb0026e4cf2ee2247b111bf302f,9107394756916,91.89189189189189
bf5e842f2e286b78b6a912c03eb78c9f,9213054026036,77.41935483870968
604942da38472a1a4db80c9ca4cccaf3,6637194446668,80.0
460436b9e877e3b4d39671d8a07ff49f,6638304429900,85.71428571428572
4e015c5df85b9de5d339678e3f588194,9293621297460,88.0
24106a7ceae751d5c02bf09aa7983301,9088819757364,91.42857142857143
d7e80ca9f62021cf94ec9971bf5a43bf,9327756640564,78.26086956521739
e909113d668bede8ca0dfdd4f292dfb7,9199535620404,85.71428571428572
4545a4d8e02c5747e0221d092e0ccd59,9238766059828,75.55555555555556
27af717a89630c1f2d83dad6ff424543,9210546487604,83.49514563106796
51dd3aceda8b2d81b9ea12d6ae74ab10,9248305774900,76.66666666666666
aef7f70b0410efa971a470dc0947149a,9274191741236,87.5
176e633c3819cbe251a43d377bb05baa,9238760718644,85.36585365853658
815cd7b74fcdedc30f7cd3c8f574a08c,9135974809908,81.63265306122449
34ce386965d3772ba9d451126d78ab5f,6637185664844,83.87096774193549
2c65e379835fb7024603ce24b2abae4d,9248292831540,87.8048780487805
c2f3472abb7bdf70ef4db59da57e5e03,9248301449524,75.0
5895daece3cf007397f74c1ed6d23c6f,9224635449652,80.59701492537313
56e90f6a1a5e9e500bc36302e2eae750,9248297484596,89.58333333333334
7559f2a54157a3fff1b7b5b7de98db6e,8853093024052,82.35294117647058
a7148acac8d50f3463ffb4a916041674,9046591406388,76.47058823529412
dc94368f8960ad605a6485afc1cd7f4d,8945198170420,82.6086956521739
86ad4d4376a44c8d863b5142ce700a2d,9181674570036,83.33333333333334
f089a61222b7fa952e50bd67a8af8d65,9146982269236,76.47058823529412
a4132728e97710f02aa8e05793bb2e0f,6638273464140,92.3076923076923
b04d63b4cd09995e938f7d7b58874284,6636650039116,84.375
7a4673e041a6457d810525b335e235d7,9248295747892,87.17948717948718
29fbfa6cc5f8a4942bbdf5ee39581eb4,9316196974900,78.94736842105263
2343d0538b32bb39123f0e09c78e2575,6638246790988,78.125
5c6a7fd99be11871551094a326faad3f,9282597454132,75.67567567567568
14ffde1531d9a53c514f060573a614e4,9155042836788,89.65517241379311
6c8a7072deac22cba39121aab0633259,9126480412980,87.67123287671232
fed2ad543e28fdb91981c27433d443b9,9248297124148,89.79591836734694
21b9bc05e57c994e285e0f123bbbd2fa,6636490262348,92.3076923076923
e56d88d54878450b26ac8d910c99cd05,9135963144500,93.65079365079364
1faf27f9e1a4b73a6302b6f552f904a1,9210538950964,77.35849056603774
630896098c74a4c8cb690da111195f65,9260187320628,85.71428571428572
b8bcbe0a5afe3d69c4edde536a87e284,9274194133300,90.74074074074075
792843d1315b3aed2f6648a3d4bc6f59,6636889933644,91.35802469135803
11671cd61dd6089c2b924e1b49fe424a,9199534866740,76.59574468085107
a70e0899b7573f4576470df21b71ea3b,9046576693556,75.67567567567568
7c9d9c93764dac884d6a941c46ce054b,9248297222452,92.1875
76b19ee34f9b351cc7a2d42b01efa509,6638344472396,77.41935483870968
4526273e1a50a25a1120f54a2e624702,9316195172660,84.61538461538461
654686a0f238fc844a7d9af67351f7fc,6635324802892,90.32258064516128
13ac0e9079f9fad3b0387c9b0fd984fc,9274197410100,75.0
4248d9f3f6b31847d88e0b140e28bb7e,9107388891444,78.87323943661973
04311f1107870ff69ddffc59f310c397,8945199513908,75.47169811320755
62d0e2e295cccedb66ed7838da728fd9,9046562734388,80.0
4ca55e6e07dd15d0c508ecf3ef34f079,6636310595404,84.375
e5ff1cfd237c9e76db40ae95ff88da3d,9191995506996,77.27272727272727
ae96ebb275cf7aaad3729395d5ee7baa,9327762669876,78.57142857142857
cdb6f483660bbdf14f549d34588c1cd1,6635164567372,75.0
4239cdc175f05b1e34db7a80994b91fa,9260175196468,88.88888888888889
f7b682e361ddf67df2437eeca8fea9cd,6636310562636,84.375
dffc42aa81d4f54eb6bab9436fd7a8ae,6636857493324,81.81818181818181
238672ff3f9eca99590d51e867a7b83f,6637170820940,78.57142857142857
d009ac044997463ed48353d73f59d2a3,9181675159860,80.70175438596492
8c2b8ce13367ee1def2e1585b9b8b695,9046573973812,92.06349206349206
c26be923c68c717468fb120dcb5a785b,9046582624564,81.81818181818181
f3b9cbc7ff52a42d2fa827ef597fc82d,9088814580020,75.60975609756098
cec0d081f48b909b513c11fbb87e26cb,9274190135604,77.41935483870968
47009fc0380e5411faf8168bb7201ac4,9146985185588,76.47058823529412
77fcd0e32e1e9a37a9b7b83a20aa3c03,9088834011444,82.35294117647058
67ab94ffea78eb78b70febc50c88d2d7,6638330218316,79.12087912087912
524e95efe3508b67fe2b4966ea31e947,6536040941388,87.71929824561404
5602d9e6161bef8bd579317db8b132f2,9192630124852,75.55555555555556
79172d92bef82b1eff40e1d6845cf1b2,9213868048692,93.02325581395348
85ea0f36c171b931c55f1b764e7d7b10,9135984607540,80.0
9e70b3dedd9aab9ba5956573d976710f,9327764144436,77.27272727272727
d7431b99f4487a176d3b907826f297fb,9289805660468,82.14285714285714
8ce9a4367621db20e24a55ae3d429dd5,9282593653044,91.35802469135803
93c07b38f3dbb2a3da8fbce2d92b80f9,6638275692364,84.61538461538461
dd1e78879320a8c9e2c14fe7cbec7870,6635164501836,87.5
aa78aa4611130f340274e56465b6115f,9210555728180,90.9090909090909
bb9e06247612fa5aad3fbc38c3e040ce,6635123345228,79.06976744186046
3be31710a32c0628167e5ca7237467c8,9199540830516,75.75757575757575
c2530609c2618e8934ccdcc476f33f68,9260187320628,84.84848484848484
84549f4f08e691b5f0dab78339e42faf,9229415842100,89.47368421052632
b1e2c2a2bf149939e654b4cb29143978,9135973695796,92.13483146067416
97c74a403e91f86b2df6e6f5ddd9dd43,9238757245236,84.0
4b31119cd1201463a4f08d1ba6a29dbd,9155036447028,86.79245283018868
250988c399a45978cff2523aa5df3695,9210548060468,76.05633802816901
1166b8007f8e5ed8c19875e270cd0749,9107387973940,75.86206896551724
54d9c2414c371e902ac11219279745a0,9248294535476,84.48275862068965
0c0d055112bac774303c2e8d7d69072e,6636282316620,84.44444444444444
79a1850a776a443facc43b5360544103,9107395674420,91.83673469387756
56f917fb937fc2b34cff2eff050c465f,9088826933556,84.61538461538461
d9399e718b5e00e852847d916bf1f6f4,9289804382516,75.0
bdea9a600b65020735a6d0d8c0bbbc94,9181674570036,83.33333333333334
a67ec8059c6d96aa3ab159eb0a6220ba,9327762407732,84.61538461538461
951048b9fbc3fc80c9ef3e263f46f577,8945222713652,89.65517241379311
90e713f871eff63d90d8a358d033425f,9283782246708,84.21052631578947
0fe1de8028332a48dc3d86ee22c84667,9289801433396,80.55555555555556
654de964147772e6b165dc92589a24e1,9302199271732,86.36363636363636
813fd9d27c19abc2f37809ae59a78449,9260176277812,80.48780487804879
578373efc0995679f34c3f650bab79ae,9088826933556,84.61538461538461
716fed76364666609c26f4f1e1b6bf1c,9181670506804,78.68852459016394
64d3b6000a14a0c5530d7fcdd31719e3,9172020199732,90.0
a305dc84ccd7b8e1f5224b820d046bd9,9192630124852,75.55555555555556
ca6b3c4f91ce7b89ff0af562a1d14d3a,9302189146420,83.33333333333334
541e965ff1c4cd33223a3f81fe7becd6,9274195378484,82.53968253968253
ad48382c41b2a445413b58eb85b6b145,6634273343308,90.47619047619048
685eef1d6332ed4dc671410b55733e19,6638258128716,80.0
59781467a5609c35c481b88936c4556d,6536217691980,90.9090909090909
8b4cfd76017339f463cb7b817230a3c3,9248300532020,89.47368421052632
7a7a1bde2afcdcb50277c25c62cee311,9282599813428,86.4406779661017
ae0ca34f1f6d1af300b0454c9fb0b8ac,6638355515212,86.8421052631579
08a988c7f89f69e438327198cae36500,9181670965556,78.04878048780488
32d3eab46b64d708f457ef6499bf2af1,6638227326796,83.33333333333334
2861eed4af9f932d186a4198a7448f2b,9248297287988,87.2340425531915
8d1f336b1e7ae3896b50192116ee4cff,9107392397620,89.79591836734694
d291c42f9f24f7ee155cb06e963b6091,9135977988404,76.47058823529412
287516ace0f181efadecca95e963af1c,9107389251892,86.95652173913044
c423e65fe298cea600cff973ec357400,6638304626508,86.04651162790698
7d78f6c5b885a5a4dba0656856521696,9238757835060,84.93150684931507
b714575dc6e2033e8c05bb062ee197c5,6638355384140,86.11111111111111
8dcce5cf9aa15617ec0a47d86cc7fe24,9307454996788,80.0
948b9417405feae187477249a593b8e2,9302190522676,82.05128205128204
e8585891b1935cb63f3b0b57f744f22f,9274193576244,79.48717948717949
3c261dea7e0936205dadb06e4dbb77ae,6635123345228,80.0
c54b396dad39436d888d3dd74c6ffda9,8853110358324,82.35294117647058
8d730242cd498d40b52ef8aed3dc0697,9289811820852,84.21052631578947
c1787340eeace1bc9318c2d3dc3c4a3f,6631213270860,82.75862068965517
790dc6318abbe65ffd731abf61806176,9274192429364,86.86868686868688
8ccc41c0ab9a615361b20bb2beb1087f,6636862965580,80.0
8617bb5de25bb7e535aa4233c09f70ca,9199535784244,84.61538461538461
909a115dc8d38d863c966bec86acc212,6638348437324,79.06976744186046
1a100afa598c2a4d244a4d4c41ba6681,9238758261044,91.56626506024097
4d6994d41e311c76ea084d80bbe6aa4b,9172018397492,84.0
22b725cbbdaf6ab302975b48cf9e68ca,6634175596364,84.7457627118644
23fd134d54fb1f99c3deb57416264204,9260176965940,83.72093023255813
e1c6d8879ce1494307e0d4c56aa97ff5,6635164403532,85.71428571428572
e5dfa87da9db59baea743be7a3bedae9,9289808052532,82.05128205128204
a642dcf618e6ed0f1cdfa3d27956228c,6638355580748,76.47058823529412
eef18742fcbdbaceeef842c02aadb867,9107399770420,84.0
3972210b9e672941b76966c98c63eec4,9274198163764,86.23853211009174
5ee1d0fb2f50217ade2b147db395dc60,9200387817780,87.17948717948718
3b76ffd9cc82419821ff7cf91b5155ae,6638318946124,79.16666666666666
8812fb13fef0ee7a01027628761e334e,9229415022900,92.13483146067416
35ca14d2f54a5ec14eee305a51830fa5,9229415088436,91.95402298850574
8347fa3b3c5bd8616f4bc846a6b19809,9293621952820,100.0
721bc69f62fadebe1e2bc3d527afe5ba,6636862965580,89.23076923076923
7caa60d27e801c489c621d406bcce7da,9107399508276,83.63636363636364
8ca3dd7a4763361dded98ac67501868d,9282607382836,82.35294117647058
b92f3f836df1d657f629ee264c70e191,9172013187380,79.54545454545455
794324113c7adc13e91ccf2290269033,6634221406028,79.3103448275862
1c42b779a02910266c12dbeebb6dd154,9048845320500,91.89189189189189
3aef90b50f078649c7680bc89989d2ba,9248295289140,87.8048780487805
7ecf8b8d674f1f7668689a82dd83cef0,9274192986420,82.2429906542056
1a115656dad5c7908ff02fb175e2f066,9260173623604,90.9090909090909
f09d17453e8b946bd3ae58b61ddda6e5,9284799103284,82.64462809917356
125d85a50223f6c8d6f488ebb2b55f8b,8868587110708,80.0
3839d9838d132a420f3c1c58ebba619c,9172019675444,83.87096774193549
7091579cbc64cbd8af495559802750dd,9322914251060,77.5
64a48fd7322615e1b8aa158d7faf4f5d,9199533719860,75.36231884057972
1003809ab4a88bcb49cdd5cbcb0f4c04,9248297812276,76.0
bf0578935fb2e07768384df22f2f6029,8853110358324,78.16091954022988
2af2dd13419d6448efb715c59e4a6bbd,9007950004532,77.41935483870968
ffa7f2f867cd93731655e88838a55d05,9229412991284,75.32467532467533
56a9f97ac131d7f27c34c903b102b0f5,8945225072948,80.0
972add71a0b0bbdf14a126d1cf0e6b19,9229420396852,84.61538461538461
e386e13cc7555225b556da9d93ef7fb7,9007949971764,75.86206896551724
95bf234969a6136bad9ef9d071b666f1,9316197957940,79.24528301886792
0e771e4bb3ac5b99a51f95664fea5b0d,9248295878964,92.78350515463917
22c299591b94821a20cd1a272f7f60eb,6636240865100,90.625
43c2c89ecc9296cb48d78379e7d41e63,8945223106868,82.35294117647058
0414574576500a384867bf6608e759f7,9327761981748,86.36363636363636
e80df26c713894f869202ef811cf9471,9261764477236,82.75862068965517
993df44cd30163d4f81fbd2ed3ebb84b,6636880299852,82.75862068965517
00bb4ca778914a1e8dcd9505b4f9b756,9282599846196,76.19047619047619
eedd9f9a9cb64c81c7369a3c522df343,9155043066164,86.07594936708861
087b8f698b6d2a9fd987baa0bcd33448,9289799631156,75.0
f7ee0d68acfb39c09c8459645e702ceb,8853104361780,88.46153846153845
ea8f43ae2068b8c7e407c01e9f4eaa05,6636880299852,77.41935483870968
077f431aee7fe8bcc27ccb3114b2e67f,9046588752180,76.19047619047619
567e23101773e8cc433bf4d7cddcb509,9241204392244,82.75862068965517
ec9e44aab6d8cf3dbbf6c6b4db1383ee,6637554141004,76.36363636363637
b8de2389f7f51a213ac1a7ba53affd12,9260182503732,78.78787878787878
b6abafb1bba1a7e616a630ec92604103,6636282251084,75.0
7d542e8bd6d2efd44a42e455805c1289,9282600927540,81.81818181818181
5522cdf39dbd3c3425d4c4c899195a65,9327763849524,78.94736842105263
2cadb5caa7559523690deaacbc3cbec7,9327762112820,89.36170212765957
711861f1898ac24e67d29e98fb007739,8853091451188,81.81818181818181
f99434b9b3aae7d5947910bfdd44bc6c,9213868048692,79.06976744186046
bae1fa4cf5253302a284d26c9d42d50c,9327762702644,78.26086956521739
605d37875cb912f3c26b867f5afd3dcc,9260177064244,83.87096774193549
815a558e40b962321ce6f243ad88623d,9327762800948,75.60975609756098
9bd477139d3800b7d985e35a69818010,6637200541516,100.0
4f322062384ba86618aa66286d86821d,9210542489908,79.3103448275862
30aec2b22fb2a7ac09a7c6594c42579e,6638327301964,86.23853211009174
f2953d4a4a044fbb8cb383baf74debd0,9224633614644,92.3076923076923
a4f2bbf1c96b03c976eaa76c817474ac,6638235748172,86.0
81936c4b97c9eaa7315506ea4eb9eff5,9289805562164,76.92307692307692
37449c2376c688b416f844a99bdac43a,6638364428108,88.69565217391305
f5773e038a41cd32e21ea2cab872e841,6635122493260,85.29411764705883
7b18f51c47993a7f6419dcf11a309498,6535587071820,79.36507936507937
00e7dc15503e1b0e2c73719d869669cd,9267433406772,76.05633802816901
cfa37c59c6112a7ed746e73cb8f04857,8874616160564,86.41975308641976
c7a2bda763ab2a1a21264466fac4ae9a,9260178047284,81.31868131868131
77e23d4fde17426b0a8f0df260d64b15,6638382024524,94.6236559139785
39ec8873dc285377a173eb8e7ed4f8a3,9238757474612,85.0574712643678
ef8db512534917a4aeba930e06000a00,9282600927540,80.95238095238095
d9a80284bb3a9fd19189ecfb363caa22,9155043295540,76.19047619047619
e42180a11792baebad2a52e0f870ff2d,6637193430860,77.27272727272727
f304535c83773aeff053e33d96a0c37e,6636882921292,87.35632183908046
532c866340e909adf9afcf898b08f12a,8853118910772,78.68852459016394
02b9c26619fcc16203cc17af8d5c5638,9238765306164,80.0
f575afdd0f61714ad9cad0e5b47648df,9210546389300,76.71232876712328
e54873934d18f8f6a275f9e5572c4af4,9210553631028,82.92682926829268
b7573c13ea20a46bf8baaec758626923,9238761144628,80.0
57d11cf3d2711b7d59298e5e582bd73f,9316195795252,77.77777777777779
3ce78bf23e18e89b7b7f3db3deeb607e,6638342014796,84.50704225352112
f2cb6c57769cb1c4ea8c69a05b6556c5,9229051101492,86.0
1c8eb0213b875bf84127aa642373a206,9302198419764,77.19298245614034
384d6fbfd9e6ee628a8fcce150f00d15,6638267041612,75.86206896551724
4e1507c66cdcc8ed2cd9bc1b0f64ce5f,9289804087604,75.40983606557377
29ee5ee80c2c79abc93e3183377586c0,6635164829516,75.55555555555556
b6da2df3fc9d80f09104f78f87bdac1c,8945219698996,77.41935483870968
d6f759263ac1a996fe2db3a43c58f046,9282602893620,76.05633802816901
cad5807a569d19fc8e9627d262e0bbbb,8853090664756,77.96610169491525
393e4a1c1cd2e3766c6365fd2535c7e6,9316199203124,80.0
e030822a2667ef0e9c0c4d1cefdfc410,9229051232564,87.27272727272728
e2cc395cb3d22d594455ba05032a8f65,6638334412620,80.95238095238095
ee867d037dafee19b2bad99cacfbfeec,9229412466996,88.37209302325581
2d0fcf054098d35cc6061e466c12f0bb,9260175425844,78.48101265822784
0b446ccc03e64a7a0192e84f926e2080,9260177457460,89.23076923076923
4f3c61989848be44552ec1a0d317ecd9,9260180177204,75.0
d18af487dd3a74e63f241c390b802e55,6638373865292,80.0
9916c1b2119f3c464bc5f5f82ff81e1a,9238768320820,78.26086956521739
becad6e3726acb9590cc8883355e410e,8945228448052,83.87096774193549
2560cc7e02cf6c57c84562d22c8fa71f,9318772834612,85.71428571428572
a0503802a6680b91a8ca9d4b7246a826,9282600501556,81.4814814814815
34e6a763fe7d95e98f246e6f11938079,9155056271668,76.19047619047619
09fb110f4fe777ae5167710a40c1c007,9323390861620,77.55102040816327
2fac76477ad915ed76568c3e0ef2984f,9172019478836,84.0
c79e1d38940edc0549429016ca7c5644,9135962390836,80.95238095238095
5b33ad35fd22cfdcf4c1513c608b658e,9120665436468,81.81818181818181
e284782bd110bcd9d42b7264fd33bd93,9155045884212,76.47058823529412
bb19cc87f012e820f5d3de5eba65907b,9155052962100,77.77777777777779
821a43e828f762d0b225603d664fc3b5,6637194184524,78.43137254901961
a3b7886e922ebfe86b37556d3f0cb086,9155043688756,79.36507936507937
1e35595315bca534b70a59ec58864b8a,9135963111732,93.5483870967742
9d2d39e10967196fabcc4eec4894f87c,9316198973748,75.78947368421053
f405f3873ead15790f43257e8e1c94c2,6638386022220,77.77777777777779
2e16437e31ae8b0103bb12c57c462e53,9316199956788,81.4814814814815
2290d45429416377804dcffbb0dbde58,9210551271732,80.0
fe63f5024fd24945e7cc11c66aee5260,9181673783604,91.76470588235294
a5884e99d5cb7e371232cd8f1b2a4bc5,9155033727284,86.95652173913044
cd756719c1b41fec7dc01a7ae14346f2,9107400687924,87.5
fa96d6e638b045d66e27ac67c9bf4b51,9088824443188,87.5
926a1ebc5eaf67b7ac6dc299518574a2,9289806151988,91.6030534351145
a43e07e0c676247aafee5d94f581dd60,6636635490124,88.28828828828829
3aed8bb562c8eb3c351817b9daa33d99,9238761701684,82.1917808219178
ace24f72ca59a8ff1e15782cf80d2762,6636490721100,80.67226890756302
76c9099534202dead748a8a0b7b7ea34,9327761064244,80.0
00775db3ff52942388b2552867d35bfb,9173041512756,80.0
b19d96b6966973bdd5d5a250ec528c37,9327761064244,92.85714285714286
56dc341200defcb52e931953d6d08af9,6638238697292,76.19047619047619
46e4f8913c9eb78af0e38d93de3da326,9172025737524,78.78787878787878
a376fc54a762f11eda899c2187540509,6635326080844,79.69924812030075
2e4d94115fe972aa0ab08a2c765a6a33,6637194774348,77.64705882352942
8635a5b1d6c711414889068895b28c9c,9238767010100,82.14285714285714
1fda5521dea8dcf0990ebca5116b25b8,9238761603380,77.19298245614034
7c32b357da7c1926688ed38d6a3fb37f,9289801335092,93.82716049382715
710b2dfdc5ac883f574c6b1dcbabdb0c,6635229546316,75.0
65c3ed41db00f08094b5dc469fce03f8,6638227883852,91.89189189189189
74f3fdd7d4df0e4286028c2fd274ad35,8853115928884,86.95652173913044
51a9f443a997b3c11ad837ef42dc0dbd,8853088862516,86.66666666666667
5122724383f728b3f61b1d65434192e6,6636309481292,89.47368421052632
edf98b7becc02dd18da7836f5f72d6fe,9298542199092,78.78787878787878
62688c38a1ff72a8fa98cd186e0a09eb,6636491638604,82.05128205128204
c990e30a7017989fce94387afcd2dd3d,6638273824588,82.5
ebb83cbeb9323884bc6490cd1890b81c,9276004958516,77.55102040816327
7c08b19a232d6f371eba09197f8d3746,9224636563764,79.45205479452055
28128e923dcc2375e77f0dcecf7928a3,9282606661940,79.16666666666666
cb0ba734456f85a035fe31e7330b9e1c,9282606498100,80.76923076923077
50f0874f29efdf33d50ea5a241d8b1ea,6638380582732,75.0
789b6c656e97a5444f06bea5349f9da3,9282596667700,78.26086956521739
b7844fea44c9e292b2c35c17b3ff9469,9199539388724,76.05633802816901
af8f8a729ef31ef9cd6cd561ef8aefc5,9289801335092,83.33333333333334
15389915bbf81a6abbfac7ef6a3e6644,9224635482420,80.59701492537313
823c1f16e359daab729da47a158df6b6,9107398983988,88.88888888888889
a01d1fe495c805a48ea52c5d095a1af0,9282600042804,75.40983606557377
79df6941bffd44d6fc60ea2f74d0a271,9229420396852,85.18518518518519
fc68f785f2ddeb5ec28c55ae199cc2b5,9224636694836,78.57142857142857
4e9be9d8071750e2536eb13031475eda,9046561751348,75.9493670886076
f7226171cd5d012cd0e6c2ce231b2489,9282595488052,75.67567567567568
c7ec5805ef47ab8167fb917e6e55ae8a,9229420396852,85.18518518518519
3a9a2efe38be2ecc2d1bbd8524a9b12c,9210546749748,90.625
41f7251219ae90d0d77ed8e2ea0b9586,9248300269876,80.0
bff12f8801d6501662535eb5b27ec7c6,9322908123444,82.5
1fee95af7dc444e6746b03eeebc82d13,6638324320076,76.47058823529412
79b2f7c0f9f5c0651a6e590cf576f841,9289800384820,79.64601769911505
436144d151d96017455c5f0f09ab2978,9210537869620,81.9047619047619
6ab7950b2e919b8e9097bfe05f2a2107,9289803956532,83.6734693877551
b0aebb492420ad240c33eb6719ad3734,6636492326732,77.77777777777779
08da7203da1e6948c3065f6821db412f,9107399672116,88.31168831168831
5b663135853bfed5cd07d01a53517810,9282596241716,82.05128205128204
f5d2cdb5e317dccc27dd776652ee2379,9282597126452,76.03305785123968
e307e7a073080037434d2972a38d7e0f,6633351415628,76.92307692307692
4ed16c68cc82ec14d3b6aa6d905c3b99,9302194749748,87.67123287671232
a959fa25e7860ea8df42cc05fa3298c0,6638250231628,87.8048780487805
4e50fb79be58d7b138e54bf7de6c4657,9261768638772,82.92682926829268
efaff374e9ceaac0995e68b017962115,6638355547980,88.88888888888889
d74e39563539a209581781fa63834770,9046581772596,84.21052631578947
b79f0caa5d602cb03c41ca96f3bb82e1,9155052962100,76.47058823529412
b4e2972a7fea3bd47eab46fdaedd781b,9107392528692,88.57142857142857
295a965dc505a9cc2f48faa9c9d8e11f,6638254917452,84.61538461538461
b3ac127da77746211284b3d1b06608f5,9302195306804,89.1891891891892
d9af43e303b5a4530295da8c726fbd3f,6536217659212,90.9090909090909
29a896044c64ca79aa4e17e36ad95a8c,6638246397772,82.5
a524208a5f50505a8e4f16ae33b50bce,9210553631028,80.95238095238095
3569e88fd968f975f475b316e097d920,6637185468236,76.47058823529412
23339fc4610a8d64be4a42f624c8cec0,9293621821748,79.24528301886792
30d05ad03f9a6fd22af0fee7b29664a9,9316199235892,90.625
a42482802e53199841f3a635ae8ace01,9305049432372,82.2429906542056
27ca07bd19059185a69137323d559cb0,6635321984844,87.5
0b3b350b0a082081bc4df0db56e7dc3c,9327765061940,82.92682926829268
f2d749467c835f674999dec60a77661a,9199535325492,77.77777777777779
489293c0c86d241f78b4a3c80f921b96,9248295321908,80.3921568627451
d979248a9ca0d81b6a7f3de4845ec387,9238763077940,80.0
00806101f158478c65035d4f870ca069,9248294732084,76.31578947368422
e258a0eb8c339297adb8baff3b213dba,6638334412620,80.95238095238095
3059ed94549e64840094f5215e015d41,9248298893620,80.0
30af9a556f88b1692df3517f45337f8e,9282595488052,75.67567567567568
13e8f6e6006204a9b49d7991301d93fd,9302188654900,100.0
be4f70d67554d2d854539ad6e7cf7c4b,6637200541516,89.47368421052632
4863bbb7f4584f96759a77c9d503c528,9088834011444,82.35294117647058
d1da502d24df7090d369f4194dab5fc9,9295730475316,77.41935483870968
8c8044a2cafbdc4df5232d5d711cdf2f,9229416497460,84.0
5131f7f9838bc93691a6d1c669dcf6d5,9200387817780,82.92682926829268
545c1236734ecfb57b83a0508ee8702a,9155056337204,76.19047619047619
d7cfa63a8d0f631eb6abddb920c67b63,8945206919476,91.13924050632912
baa92062c950de4458964b6b75965dc3,9199544074548,82.05128205128204
97c57e731ea25fbf579b111e2d562af9,9181670506804,78.125
fb7db4274eca7a8e88457bbf6039f289,6634184738636,90.14084507042254
dda4d2741042ebde551f49a8f203c2a4,9046570402100,91.35802469135803
50fe0580e332c665a401390aa6197e23,9238762389812,84.44444444444444
f5c97a550d324ac0785f8be4e1040035,9260189057332,88.60759493670886
bac942e7f01aa80031d5f179eb3ea9fa,9172018495796,87.2340425531915
143a3fe717f45585c7bc08cbb39cf971,9248295944500,75.86206896551724
746e2398a0b268734edbd01154096bf5,9248292995380,77.47747747747748
0532c68ab346eb8361abaa378e6518ed,9260174246196,88.13559322033898
bc2c05c0fec772f9ef1d456e2e0b2d7d,9316194517300,77.06422018348624
ca9ce4a8992aae62e38491bd5b001c95,9192630026548,79.16666666666666
d511bb665c4fa58fc9351f9203d3b7bd,6636881872716,78.43137254901961
abf4ed8fea90195022d74b9c224f17c7,9199543124276,80.0
49b932ac4248006887f1df4ff15f62b6,8945211474228,93.82716049382715
4cab7b12984af22a6dff66ba6afb4f62,9248295977268,86.41975308641976
43298e72403d89a258a59301430c7e22,9274198786356,75.67567567567568
12bbf1be52bbe45c8c2f77cfa74cc9ff,9238758457652,94.11764705882352
fb23bf86df4993d29fdd38a533d3468d,9199535128884,77.47747747747748
571494c810b673f482ca272b386d9240,9210545013044,92.5925925925926
b6119ca9f55ac6b88dcdf9b449c1c08a,9088824541492,85.1063829787234
c1e170845a64ad192e1d26d48ed28960,9316195008820,75.24752475247524
e33ca73d81bf34d0422bcbe2ad18f68d,9260174016820,93.33333333333333
3724873be4bd2aa9418f6bf633d79ea5,6638325696332,81.0126582278481
eebb1ae80dc10296c446ee676313ff5e,8853110227252,85.71428571428572
0d709214a2a8853728209f1693d83a8f,6638372652876,86.53846153846155
2efe670a532a6bced85e6f43eca1399c,9181675159860,88.52459016393442
42571a7d48cae96a12941b75f96054de,9155040117044,85.71428571428572
7ded05f9efcd9abb95e435bbed9a8930,9116740354356,88.23529411764706
c84dcfa5db219e0ca3347c3f4e6d5a6c,9274191774004,82.4742268041237
040358305ce07e9ca42521502b7111ed,9172026982708,75.67567567567568
ada0524dceea351c9cb3dd1d108d83c5,9327765061940,87.17948717948718
62d64fc000a5b2307603215a36869441,9181683515700,75.0
da826066c3811b643b6edbcff038abc4,9260187189556,75.67567567567568
be24fba41205c244f272dba9cfd93f01,9238760849716,84.375
152d1e857a6b7f3e95cb9aead8bb9f34,9155054403892,86.79245283018868
2d8a0ecd5df6c0ddc222c46b8a5ce098,6638230243148,84.93150684931507
c4c62d60d96e1191b6c2f9693ec1a7fc,8945199513908,84.61538461538461
f7d4ad3161e8c51d0202cff607b7c991,6634175170380,75.0
8d49bb8763646dd7ab786b3cf52a4307,9283782443316,82.14285714285714
154b7aecb93ef9887735ea752f67ffe7,6636490721100,82.4742268041237
8d9a7f5865e9509f00baf279d1f40d1e,9210550747444,83.56164383561644
438fe0ebe9862297b0d363d490c389fb,9213052715316,78.57142857142857
9ccbd337348eaa425d424895f798d137,9107401408820,75.86206896551724
4322b809d2e95b717356e94a67ca46ff,9238766125364,94.3089430894309
a02d85d8845d08b76853c6353445a4eb,6636489574220,86.27450980392157
0c555ab24eb0f168f4721831e3262acd,9224638234932,80.51948051948052
6f12a9e8bde5ef01c14f1a93459151d3,6636879972172,77.41935483870968
2e8d9cb588bdf482925eb3abba6da92d,6638348437324,75.0
0df74f7b04c3ada8e6c77bcf65c19ea0,9135968125236,80.95238095238095
d7644eaf75c98562b23b4d92b493dd26,9135970582836,84.78260869565217
b7859ad3d5a7810e2288c479da131fe9,9107402424628,75.0
5694457816ea44e5634e59d3fc0fe42d,9291923161396,75.0
0b386ef741be65b07f3ee41db9a37e48,9327762964788,82.05128205128204
7100b74d2265831b355c18dc41afba17,9316204544308,86.79245283018868
748d19e20f93afbf4d457ca92c813934,6632184055628,83.87096774193549
38950968f77696a196fc79444d241926,6638340933452,80.0
d674a63be8cbb1f956dba2525ac67203,6633919711052,89.65517241379311
010e32b1684f33d82f35642c254a1dd9,9224637972788,82.22222222222221
b21a861657ed7395678cdfe34dbde98a,9094963003700,76.28865979381443
1f0ec9acef2580b01da72f6fa350e06e,6636889900876,81.08108108108108
feac4a976b256e87fae561a63bd72ca1,9327761064244,80.0
188b595d88f9df55847932cab7ec0539,8853115175220,79.24528301886792
bca6433f5cb5b4f60976d4fe2cb70294,9135962947892,93.33333333333333
5c7e31664b9516bc267115355e0695e2,9283782443316,85.18518518518519
b232ea5bee803b36737def2d49292457,9238759178548,80.0
207e8977b1791c1ee7d50d7dc53cb5e0,9181679354164,88.0
a85cfacc04add20407f6cfbe96e90ea1,6637191726924,81.9047619047619
56cbdeaf95500f4aed7fcf0821dc136c,6636651349836,76.47058823529412
54d47f16a9706b4e3fdb805d09794ec3,6638386087756,80.95238095238095
2b191dd7e61061748cb211bc2402140f,9181683614004,75.67567567567568
553b0a65238f39937b4508f937246713,9146984104244,81.81818181818181
e6dc95c617af688642e670f629bbe607,6638230472524,89.47368421052632
133ec1225c8eb5876bcf6cd5f568c331,6637185697612,91.30434782608697
c24d119b267a8da8dfe1ac7dcedec6e4,6638342014796,90.14084507042254
db7a1ecdf229f2ce1edb01073e9e383a,9199535980852,78.26086956521739
bec9e5e0ec8623d22fabf14e32fa9350,6636882724684,90.0
9e81f8f8cb4d5e70d250c8f2599f7b2a,9107394527540,88.0
7d6616bda1ec40f9a01e66feb75c8b05,6635191469900,80.0
c6cde8f9c03a5f9a7e3bec1dd63c1fb3,9135974711604,85.71428571428572
5298bfb1afe50107ccbe465e47fa172a,9088823689524,87.05882352941177
d86bd7dd4ff0cbc838f49f71bf791b44,9155034775860,81.4814814814815
98341d6917cabcb4729ab2c01f7236cf,9229418922292,85.18518518518519
4dcc36ee7a0d060e97b8fe8bdc640a54,9238765797684,85.18518518518519
82760e51fe9f67e7feafe3fd88535f5b,8945210982708,78.57142857142857
47dad2cd389b75517a76e34712420d04,9289807921460,82.05128205128204
3cdff7e31bd14d2079405808c5218efb,9260177293620,76.92307692307692
29f18ff63e3369966043195156e0bc84,9172011745588,76.92307692307692
bdb46c768a9c2f1ecaa075dc141bbe0b,9327760343348,76.40449438202246
c34cb6e4f7d20cd41a43f9d409a4f266,9274201506100,78.57142857142857
0bfb1e66bf22c70542f7e193a9f1483d,9302199238964,85.0
372dfdd928876ed79c24276116ee5acf,8945224843572,87.09677419354838
0ab05a7a3c596eb1264d76bd4ac36cf6,9135966519604,75.0
dfc73afabb140637bc54e86c05266e4c,9210538000692,78.48101265822784
3381b090e7def0a93d3c8e655e5efaa0,9199541322036,76.0
76077888b3aef2bb40aa118a7b51c9b6,9210548126004,77.77777777777779
849d2aeb79ee81826ed45395259ff2d9,9088829030708,81.08108108108108
780707c7a2b38728164b5f94d922d49f,9224634597684,80.45977011494253
8e4419b41756461a1f4cd63e5f3cf036,6637194479436,76.92307692307692
d4e46fa2aef3ae61bfc10c9b9fc7b928,9155043164468,79.45205479452055
0ea6b226893886fec3dd331d4e884268,8853119959348,78.94736842105263
37480f6ba1a5073948cdf61a0aa2b0f0,9046562406708,89.1566265060241
f34969b7b19001a80f47c0d2568da239,6638388545356,90.9090909090909
5dc68f853706cb4c38a8626df29d522a,9248298991924,88.0
b628631d8d7e1a23a3088b46d9f3f7a4,9274193051956,78.26086956521739
d94412a08bfd3e3eb376883709e20240,9229416497460,84.0
84d241c6b5fe3c89aff2d8132c137fef,9248295387444,78.57142857142857
85eb69346e69df6c1ef68f11c73bd485,9261768638772,79.06976744186046
8d2aece7d82eb1e3cf56433d106879f5,9248296304948,84.5360824742268
4c8198ae83a4765cd93b398bac64fa93,9224633778484,85.71428571428572
91c6f619a9d6844918b33fc8348dc505,6636875089740,79.06976744186046
1b28ceec6c3272fc127d73b3afea0f00,9282600141108,89.8876404494382
340a01fac6c6de5f471f6cc5494cea13,9224640528692,75.0
930f21e413e599efd99e4852b9bfe741,9224638267700,80.76923076923077
32ae4a60a0c677b1279ceec39e7f1dd6,9274193183028,83.80952380952381
1efc248e7c3d6e4fa56d46ea2f6cb89e,9241204392244,83.87096774193549
e13f7844a6a72487af1da0f80683500a,9260176638260,82.22222222222221
5ce5c93bd3aca0da873917997be9bbf7,9274196295988,78.65168539325843
d5a33378770cc07ba7e924d4b84968a2,9224636137780,75.24752475247524
48e47a18a8d914e3618416b91d2226f8,9243292401972,82.92682926829268
d1e8930bf3a023143a47f4b1cb387ab8,9107402391860,85.33333333333333
6102b089699e2c9c0bd7b8154aef40a4,9289804677428,80.85106382978724
f56a442c0c59c7e5306a90c5f30003a5,9155042214196,84.21052631578947
ea91b4193649a757dcd03f72220c3808,6638323271500,80.0
77a2bda50c3513f4bcc347b56667e566,9282600108340,79.62962962962963
6761580a213a01f481ca7ec1eca13c0c,9302193963316,77.55102040816327
33d3eb0b5ab2648bdc8f39453de22f43,9282600075572,81.9672131147541
3a288b7cf02c483254dd450eda4c9619,9155042476340,82.56880733944953
daa9f750aa2c8271f47370e682369bc4,9046583804212,84.61538461538461
ce7a77263ec78b55e89dd25e9e69ec20,9210546553140,76.74418604651163
ce0d026c17c2c9e13cefe53d854203f2,9172021936436,80.95238095238095
0e1c246e7b5e2945eb8045b6feec8b36,9248295026996,90.47619047619048
72d090abd86289aea725f1da09e93318,9243292401972,82.92682926829268
f9dcc9ae20b596368495fc149d486fb8,6634214885196,82.92682926829268
cff2370b45de59d46f5cd80a0eee4e19,9327762866484,78.78787878787878
aa8093d827cbe2e68d7d1f54dd567e78,9289804939572,88.31168831168831
2347b118f63aeea2261e16ba58ccbb79,9135975039284,75.60975609756098
616c2038e803fa83995622a5cde309c7,9282595488052,82.35294117647058
58571b7985b39953709af3a46d8ebf3c,9302193439028,90.9090909090909
1c25b313f21b9db72380ea9993313d48,9316195074356,78.37837837837837
52a22bd4a9a130e044072e7769f35b50,6636634539852,88.46153846153845
8d80c7ae1a5adc30032f20e110eda64e,9316197073204,77.33333333333333
0197080583fddfcafafd96e8acaa10c4,9316197040436,77.92207792207793
99852caf765bf520f412ba7c52fff0e0,9282595029300,98.18181818181819
aabdfb424dec270ccfb236da5828ea51,6636634507084,76.08695652173914
cfc3e0adf4d0288b0069575db1014950,9316198809908,82.6923076923077
a739b5594bc91e8efe9c771c12640659,6636634539852,77.55102040816327
7c150025663c0436af872e3205707bdc,9248307347764,76.19047619047619
e92e6f06f858ed0501548be2f84544dd,9135976382772,80.55555555555556
6524ee5fdaff8cf7771e0507f302cb30,9316205723956,78.78787878787878
02174bafc8e5498228e49ae3ff0d39d7,9088823656756,87.05882352941177
685e2a1980a095260fa7693515508223,6635151656780,77.64705882352942
4d8edbbe48e3eb144e83e413de4788ad,9046569386292,84.44444444444444
c69e6c559b5fde42dcebf9aba2f7b16c,9046569025844,81.55339805825243
533dc040636837cd438dc1ee79581cdc,9238761177396,83.11688311688312
1c1105386747ffb9d9f7cef9bf6d9400,9327765061940,82.92682926829268
56e0521df2e1ad54cfe35db8b5afc889,9329033118004,81.63265306122449
8768b24ac4fad4e21bf2ed496307baed,9248301646132,83.33333333333334
8d05cce87c8f3c80ba3a93ce4570c352,9316209197364,75.0
c8cfb00d0128e2142e8c8d05e0bae9ab,9135977693492,80.0
6a402c14ad3e1a145859826d7c804ac5,9238765240628,81.4814814814815
327fa808abad624bd30a93f91f7777b6,6636290574156,90.9090909090909
0965df8b9b69b46088ab157767da6a74,6638229555020,75.0
6231edd1d7206baed9297185e9a55217,9260187877684,90.9090909090909
a2198daef050462463ce5ab17af4a9cd,6636240930636,91.42857142857143
dcd391e08d10a6ab8ced8c9af8f71710,9282604695860,85.71428571428572
00c804b14622e9946c0be8c8024357c3,9107396821300,78.26086956521739
508dc056084a6db6e417dc0213aca295,9260186566964,87.8048780487805
5cd617e697149e8fd71a1419187a2cc2,9135962489140,76.0
bbe11cfb72604a14c315d7938c20d9f1,9210552287540,83.87096774193549
9ec1c694b94c8a59ed7a6001009c71f2,9210552287540,78.78787878787878
4742f5a3ac6a8b6fc54c173efced0ede,9327762112820,89.36170212765957
dde710e40e4b66ae93654e3e4307402e,9248299516212,80.0
9b98360f0c4a45f50abebbf002c3d5d6,9284515954996,85.24590163934427
2d7155f88a0baf6fab341ed2839f7029,9282597093684,77.86259541984732
e147a28f4e6c39261ba72d2bb4183e44,9181677715764,86.11111111111111
681d40623cd408c29961b62c9ad2b90b,9238764618036,83.63636363636364
2875e7b459b496593dcf33ea5f239ecc,9088826900788,90.47619047619048
7cece2b5ba6f2ef71e09035384bb9b85,9229412892980,81.25
8b9e6f56c2946fdc34a0cad7a6f3f098,9282599321908,84.375
b7815daf75591087c6168a2cccf973a5,9155042607412,91.11111111111111
be1e23d3c1517c0fe45c33b4341c92a9,9238760948020,87.17948717948718
67fe597b843de2cb442af4cf7de0715a,6636862965580,83.87096774193549
f0f93a18747dd807c6d91cc058a83239,9088834699572,75.0
6e0803070575cf5879a4814f72ee1d53,9191995506996,76.19047619047619
03b71e049ed163f71ab8cee9fc20e043,9199534506292,79.45205479452055
ca80a9fa171ce129f1c409148f6f9477,9088834437428,82.75862068965517
1a56f0feaea384e835980ec16d4488de,6633351972684,92.7536231884058
a7d67b553627f93364d140c9e3e92975,6635191469900,81.81818181818181
337310fbb7b0e1ac6422f161d474f1dd,9172014399796,80.0
d0ab4044fd27114c86c795ea2ab9b379,9210552287540,83.87096774193549
cc04c385e30c61dab09fbb9ce6584dc0,9210546815284,79.3103448275862
8f8760d11a0395556b268ad8283a9217,9181682434356,82.75862068965517
a2aa65615ed31ae6c8d7edf77b97d5e5,9181678436660,90.41095890410959
790e4f977b175f48cf75065591169486,6636632377164,90.47619047619048
550c4ebf6f1f56cafd8c4ae1e0e35c17,8908484706612,90.9090909090909
c935ebccfc87137dc0bf288c6b4ca5b1,4362597009228,86.36363636363636
45e16661760b20b012e28168df18e09d,9088834699572,75.86206896551724
4151cb357f64332b7498088ad371e478,9274194166068,81.3953488372093
21e1ad9423dbc36edabc6b31aa5dfbf0,6638266517324,77.55102040816327
c11f3fde185bb89eca6f9ec11cc5f513,6636308465484,75.55555555555556
b4d2584b48dd0ed46026022b32913dde,9289803596084,86.74698795180723
9bfb7dfba3efbde01527d0bc263d380e,6636797921100,93.22033898305084
6476fb8724c686eb19bfe0a3bae1ed98,9260174803252,80.95238095238095
3edf00db07a346953dd5706ac84c3edb,9181685088564,83.33333333333334
b0d9a973ee1054f7f355cfdb45a2a9d3,9224634564916,84.11214953271028
ac65053850aee942d6c7e444d7fe8456,9282604007732,83.80952380952381
f07d6db092aa171124dad874bd9b309c,9224639709492,82.4742268041237
d239a49679334eb25120a4343985113d,9327762112820,85.71428571428572
6f3dcf4f9c7ac446498278dd340aada2,9224639742260,82.82828282828282
3dddb39aa696cbc348a2272e0cff99b2,9155052699956,87.8048780487805
ed44ceb17bd4f46a6fd188b80296c84d,9248302334260,80.76923076923077
fb8ce45b7f02e97f171e53b4f5bb5ff9,8945211506996,81.81818181818181
3a18363485ea5f39dcf1f9286cc6a0f6,9282600436020,75.0
ab2c94eba4ca48875bf54e59ed1f320a,9046573580596,88.88888888888889
56bfab5f0e5f166eff22bd71ec447d08,9274192789812,81.57894736842105
846f28e09cc99acddadd732d16e50deb,9316209066292,90.625
458245b96864ea8d18d0648c77631300,9210548388148,78.16091954022988
3dfa5abe544ef72c7d8142f243c50199,9172019642676,88.88888888888889
9bfd6efc8bf09bf8636fa11c8764e982,9274202620212,85.24590163934427
5ba957b9060d0cf3ca7d40795a53e579,8945205313844,83.33333333333334
7f02d7e71cd0a1b029b1d822d6817fc1,6635152082764,88.57142857142857
ec9d52380af7c4d90488a404512d86ad,9248294699316,79.41176470588236
ccf9c480b58d2a654b1c4cac905ac07d,9248305447220,80.64516129032258
1cbae0abbaee36a6baac164cf95c3461,9107412746548,83.33333333333334
561375c0b9384a0b5c39c483cdb811ab,9302191800628,80.32786885245902
e02f95cd7a26715156c27054c26628e6,9282597159220,76.8
2e9d93a24a6349a013215a0e3eb10aa4,9282599125300,87.5
d10ec1cae488acac720decbd49055540,9046567223604,85.71428571428572
43727912320d009ab0ebf808fc8a4429,9155054731572,80.0
40959b3263d0e7bae2cd9aaa6498158a,9107403145524,89.36170212765957
db291384fdf035dc3f75148f07d5189f,9282598371636,90.2439024390244
5a17ae7c4e08f559cb4861db3d4e79e8,6636649383756,82.75862068965517
1f30ee1525b2efa290b0a4e2897da578,9302198092084,76.92307692307692
a163d7410a44dfe1e04fae895849da18,6638285981516,85.71428571428572
8e86f40f6edcf23709153c6f94ebce07,9282598306100,75.47169811320755
88f213cd69717a4640e006aa2d1e3e46,6536042841932,76.92307692307692
60bfa2ad2c53d276a45d827af6e5f28c,9248302268724,80.0
efd7fa0dd68af1765fa72cb9852afe0d,9274196689204,85.1063829787234
7e1f17fb797f3df619f8ddd951dda595,9210549043508,84.44444444444444
90cb52d9798e8502d80c9b6d2872ff4d,9316199760180,83.16831683168317
1487191f8d8798de6f42877ae329b1bd,9172026949940,80.0
f1478d027fcad057c673703b38292ebc,6638331201356,81.35593220338984
efe693cca54c3d2662a6333a4501e0cd,9316209754420,100.0
7111844c32263586e38907e7842883ca,9302194880820,86.20689655172413
1f4361b62203143244aa94c2740b14c5,9181683515700,76.47058823529412
489a48fd150f445d39e647e67b839298,9276004598068,77.41935483870968
3eaed0cb9fd3beba0d45dc9c0f6ae56f,9155040248116,81.0126582278481
bdc2dede13debaefd4f4896c27eb8403,9316208410932,82.0
16b0fa581cc04fa3a314747ddaf55cf4,9135985819956,89.55223880597015
67c0c349a8400060b604c0d247df4bec,9327765193012,80.95238095238095
3fdcb80bd6da8743c6980d964f1c01a5,9199535817012,85.0574712643678
c02438dbe6f4ba231f9c30f161e9cfdf,9260177916212,95.23809523809523
8077e7233dd6aa115306d277895416dc,9274202292532,80.0
5dd59033d7d81b1f88f8345ab7b5ab4c,9274191610164,83.33333333333334
bf20ef5ea8b4011fe1dc9c5bcc9bafc1,9248306397492,75.67567567567568
e27049261fc83cb33c6430141c89a4dc,9289801040180,77.77777777777779
f3d2388e5f044a24c1b75edd748c327b,6631643187020,86.36363636363636
3157facd74150d9adc401e59487c134f,9274201604404,84.84848484848484
45175451b5fda143d2702a5c94df94a5,9327765127476,80.0
37250fc20d613e05e74eed0a519fa213,6637200541516,76.47058823529412
fa9d03398d66cf7d073405bb0bbee842,9248306397492,80.0
1c154f9878f1d842eb5305ab9142bbe1,9224638169396,78.57142857142857
18e69e14d0a4f2240b4c024722839ec6,9238762291508,86.48648648648648
570239cee18d03467b7e94957e2d862a,9282601845044,77.41935483870968
47eba022f15403d49b64280c64876983,9282601877812,77.41935483870968
727d69ef0552c906ca98e5c4bbc5d36b,9274201801012,85.18518518518519
